Device_id,Component,Timestamp(us),Total Reserved(MB),Device
5,SLOG,1783586157635562.878	,0.0,NPU:5
5,SLOG,1783586157655551.511	,0.0,NPU:5
5,SLOG,1783586157675556.499	,0.0,NPU:5
5,SLOG,1783586157695552.313	,0.0,NPU:5
5,SLOG,1783586157706296.856	,0.0,NPU:5
5,IDEDD,1783586157635562.878	,0.0,NPU:5
5,IDEDD,1783586157655551.511	,0.0,NPU:5
5,IDEDD,1783586157675556.499	,0.0,NPU:5
5,IDEDD,1783586157695552.313	,0.0,NPU:5
5,IDEDD,1783586157706296.856	,0.0,NPU:5
5,SCC,1783586157635562.878	,0.0,NPU:5
5,SCC,1783586157655551.511	,0.0,NPU:5
5,SCC,1783586157675556.499	,0.0,NPU:5
5,SCC,1783586157695552.313	,0.0,NPU:5
5,SCC,1783586157706296.856	,0.0,NPU:5
5,HCCL,1783586157635562.878	,0.0,NPU:5
5,HCCL,1783586157655551.511	,0.0,NPU:5
5,HCCL,1783586157675556.499	,0.0,NPU:5
5,HCCL,1783586157695552.313	,0.0,NPU:5
5,HCCL,1783586157706296.856	,0.0,NPU:5
5,FMK,1783586157635562.878	,0.0,NPU:5
5,FMK,1783586157655551.511	,0.0,NPU:5
5,FMK,1783586157675556.499	,0.0,NPU:5
5,FMK,1783586157695552.313	,0.0,NPU:5
5,FMK,1783586157706296.856	,0.0,NPU:5
5,CCU,1783586157635562.878	,0.0,NPU:5
5,CCU,1783586157655551.511	,0.0,NPU:5
5,CCU,1783586157675556.499	,0.0,NPU:5
5,CCU,1783586157695552.313	,0.0,NPU:5
5,CCU,1783586157706296.856	,0.0,NPU:5
5,DVPP,1783586157635562.878	,0.0,NPU:5
5,DVPP,1783586157655551.511	,0.0,NPU:5
5,DVPP,1783586157675556.499	,0.0,NPU:5
5,DVPP,1783586157695552.313	,0.0,NPU:5
5,DVPP,1783586157706296.856	,0.0,NPU:5
5,RUNTIME,1783586157635562.878	,209.28125,NPU:5
5,RUNTIME,1783586157655551.511	,209.28125,NPU:5
5,RUNTIME,1783586157675556.499	,209.28125,NPU:5
5,RUNTIME,1783586157695552.313	,209.28125,NPU:5
5,RUNTIME,1783586157706296.856	,209.28125,NPU:5
5,CCE,1783586157635562.878	,0.0,NPU:5
5,CCE,1783586157655551.511	,0.0,NPU:5
5,CCE,1783586157675556.499	,0.0,NPU:5
5,CCE,1783586157695552.313	,0.0,NPU:5
5,CCE,1783586157706296.856	,0.0,NPU:5
5,HDC,1783586157635562.878	,0.0,NPU:5
5,HDC,1783586157655551.511	,0.0,NPU:5
5,HDC,1783586157675556.499	,0.0,NPU:5
5,HDC,1783586157695552.313	,0.0,NPU:5
5,HDC,1783586157706296.856	,0.0,NPU:5
5,DRV,1783586157635562.878	,0.0,NPU:5
5,DRV,1783586157655551.511	,0.0,NPU:5
5,DRV,1783586157675556.499	,0.0,NPU:5
5,DRV,1783586157695552.313	,0.0,NPU:5
5,DRV,1783586157706296.856	,0.0,NPU:5
5,NET,1783586157635562.878	,0.0,NPU:5
5,NET,1783586157655551.511	,0.0,NPU:5
5,NET,1783586157675556.499	,0.0,NPU:5
5,NET,1783586157695552.313	,0.0,NPU:5
5,NET,1783586157706296.856	,0.0,NPU:5
5,other,1783586157635562.878	,0.0,NPU:5
5,other,1783586157655551.511	,0.0,NPU:5
5,other,1783586157675556.499	,0.0,NPU:5
5,other,1783586157695552.313	,0.0,NPU:5
5,other,1783586157706296.856	,0.0,NPU:5
5,other,1783586157635562.878	,0.0,NPU:5
5,other,1783586157655551.511	,0.0,NPU:5
5,other,1783586157675556.499	,0.0,NPU:5
5,other,1783586157695552.313	,0.0,NPU:5
5,other,1783586157706296.856	,0.0,NPU:5
5,other,1783586157635562.878	,0.0,NPU:5
5,other,1783586157655551.511	,0.0,NPU:5
5,other,1783586157675556.499	,0.0,NPU:5
5,other,1783586157695552.313	,0.0,NPU:5
5,other,1783586157706296.856	,0.0,NPU:5
5,other,1783586157635562.878	,0.0,NPU:5
5,other,1783586157655551.511	,0.0,NPU:5
5,other,1783586157675556.499	,0.0,NPU:5
5,other,1783586157695552.313	,0.0,NPU:5
5,other,1783586157706296.856	,0.0,NPU:5
5,other,1783586157635562.878	,0.0,NPU:5
5,other,1783586157655551.511	,0.0,NPU:5
5,other,1783586157675556.499	,0.0,NPU:5
5,other,1783586157695552.313	,0.0,NPU:5
5,other,1783586157706296.856	,0.0,NPU:5
5,other,1783586157635562.878	,0.0,NPU:5
5,other,1783586157655551.511	,0.0,NPU:5
5,other,1783586157675556.499	,0.0,NPU:5
5,other,1783586157695552.313	,0.0,NPU:5
5,other,1783586157706296.856	,0.0,NPU:5
5,other,1783586157635562.878	,0.0,NPU:5
5,other,1783586157655551.511	,0.0,NPU:5
5,other,1783586157675556.499	,0.0,NPU:5
5,other,1783586157695552.313	,0.0,NPU:5
5,other,1783586157706296.856	,0.0,NPU:5
5,other,1783586157635562.878	,0.0,NPU:5
5,other,1783586157655551.511	,0.0,NPU:5
5,other,1783586157675556.499	,0.0,NPU:5
5,other,1783586157695552.313	,0.0,NPU:5
5,other,1783586157706296.856	,0.0,NPU:5
5,other,1783586157635562.878	,0.0,NPU:5
5,other,1783586157655551.511	,0.0,NPU:5
5,other,1783586157675556.499	,0.0,NPU:5
5,other,1783586157695552.313	,0.0,NPU:5
5,other,1783586157706296.856	,0.0,NPU:5
5,other,1783586157635562.878	,0.0,NPU:5
5,other,1783586157655551.511	,0.0,NPU:5
5,other,1783586157675556.499	,0.0,NPU:5
5,other,1783586157695552.313	,0.0,NPU:5
5,other,1783586157706296.856	,0.0,NPU:5
5,DEVMM,1783586157635562.878	,0.0,NPU:5
5,DEVMM,1783586157655551.511	,0.0,NPU:5
5,DEVMM,1783586157675556.499	,0.0,NPU:5
5,DEVMM,1783586157695552.313	,0.0,NPU:5
5,DEVMM,1783586157706296.856	,0.0,NPU:5
5,KERNEL,1783586157635562.878	,2.0,NPU:5
5,KERNEL,1783586157655551.511	,2.0,NPU:5
5,KERNEL,1783586157675556.499	,2.0,NPU:5
5,KERNEL,1783586157695552.313	,2.0,NPU:5
5,KERNEL,1783586157706296.856	,2.0,NPU:5
5,LIBMEDIA,1783586157635562.878	,0.0,NPU:5
5,LIBMEDIA,1783586157655551.511	,0.0,NPU:5
5,LIBMEDIA,1783586157675556.499	,0.0,NPU:5
5,LIBMEDIA,1783586157695552.313	,0.0,NPU:5
5,LIBMEDIA,1783586157706296.856	,0.0,NPU:5
5,CCECPU,1783586157635562.878	,0.0,NPU:5
5,CCECPU,1783586157655551.511	,0.0,NPU:5
5,CCECPU,1783586157675556.499	,0.0,NPU:5
5,CCECPU,1783586157695552.313	,0.0,NPU:5
5,CCECPU,1783586157706296.856	,0.0,NPU:5
5,other,1783586157635562.878	,0.0,NPU:5
5,other,1783586157655551.511	,0.0,NPU:5
5,other,1783586157675556.499	,0.0,NPU:5
5,other,1783586157695552.313	,0.0,NPU:5
5,other,1783586157706296.856	,0.0,NPU:5
5,ROS,1783586157635562.878	,0.0,NPU:5
5,ROS,1783586157655551.511	,0.0,NPU:5
5,ROS,1783586157675556.499	,0.0,NPU:5
5,ROS,1783586157695552.313	,0.0,NPU:5
5,ROS,1783586157706296.856	,0.0,NPU:5
5,HCCP,1783586157635562.878	,0.0,NPU:5
5,HCCP,1783586157655551.511	,0.0,NPU:5
5,HCCP,1783586157675556.499	,0.0,NPU:5
5,HCCP,1783586157695552.313	,0.0,NPU:5
5,HCCP,1783586157706296.856	,0.0,NPU:5
5,ROCE,1783586157635562.878	,0.0,NPU:5
5,ROCE,1783586157655551.511	,0.0,NPU:5
5,ROCE,1783586157675556.499	,0.0,NPU:5
5,ROCE,1783586157695552.313	,0.0,NPU:5
5,ROCE,1783586157706296.856	,0.0,NPU:5
5,TEFUSION,1783586157635562.878	,0.0,NPU:5
5,TEFUSION,1783586157655551.511	,0.0,NPU:5
5,TEFUSION,1783586157675556.499	,0.0,NPU:5
5,TEFUSION,1783586157695552.313	,0.0,NPU:5
5,TEFUSION,1783586157706296.856	,0.0,NPU:5
5,PROFILING,1783586157635562.878	,0.0,NPU:5
5,PROFILING,1783586157655551.511	,0.0,NPU:5
5,PROFILING,1783586157675556.499	,0.0,NPU:5
5,PROFILING,1783586157695552.313	,0.0,NPU:5
5,PROFILING,1783586157706296.856	,0.0,NPU:5
5,DP,1783586157635562.878	,0.0,NPU:5
5,DP,1783586157655551.511	,0.0,NPU:5
5,DP,1783586157675556.499	,0.0,NPU:5
5,DP,1783586157695552.313	,0.0,NPU:5
5,DP,1783586157706296.856	,0.0,NPU:5
5,APP,1783586157635562.878	,178.0,NPU:5
5,APP,1783586157655551.511	,178.0,NPU:5
5,APP,1783586157675556.499	,178.0,NPU:5
5,APP,1783586157695552.313	,178.0,NPU:5
5,APP,1783586157706296.856	,178.0,NPU:5
5,TS,1783586157635562.878	,0.0,NPU:5
5,TS,1783586157655551.511	,0.0,NPU:5
5,TS,1783586157675556.499	,0.0,NPU:5
5,TS,1783586157695552.313	,0.0,NPU:5
5,TS,1783586157706296.856	,0.0,NPU:5
5,TSDUMP,1783586157635562.878	,0.0,NPU:5
5,TSDUMP,1783586157655551.511	,0.0,NPU:5
5,TSDUMP,1783586157675556.499	,0.0,NPU:5
5,TSDUMP,1783586157695552.313	,0.0,NPU:5
5,TSDUMP,1783586157706296.856	,0.0,NPU:5
5,AICPU,1783586157635562.878	,0.0,NPU:5
5,AICPU,1783586157655551.511	,0.0,NPU:5
5,AICPU,1783586157675556.499	,0.0,NPU:5
5,AICPU,1783586157695552.313	,0.0,NPU:5
5,AICPU,1783586157706296.856	,0.0,NPU:5
5,LP,1783586157635562.878	,0.0,NPU:5
5,LP,1783586157655551.511	,0.0,NPU:5
5,LP,1783586157675556.499	,0.0,NPU:5
5,LP,1783586157695552.313	,0.0,NPU:5
5,LP,1783586157706296.856	,0.0,NPU:5
5,TDT,1783586157635562.878	,0.0,NPU:5
5,TDT,1783586157655551.511	,0.0,NPU:5
5,TDT,1783586157675556.499	,0.0,NPU:5
5,TDT,1783586157695552.313	,0.0,NPU:5
5,TDT,1783586157706296.856	,0.0,NPU:5
5,FE,1783586157635562.878	,0.0,NPU:5
5,FE,1783586157655551.511	,0.0,NPU:5
5,FE,1783586157675556.499	,0.0,NPU:5
5,FE,1783586157695552.313	,0.0,NPU:5
5,FE,1783586157706296.856	,0.0,NPU:5
5,MD,1783586157635562.878	,0.0,NPU:5
5,MD,1783586157655551.511	,0.0,NPU:5
5,MD,1783586157675556.499	,0.0,NPU:5
5,MD,1783586157695552.313	,0.0,NPU:5
5,MD,1783586157706296.856	,0.0,NPU:5
5,MB,1783586157635562.878	,0.0,NPU:5
5,MB,1783586157655551.511	,0.0,NPU:5
5,MB,1783586157675556.499	,0.0,NPU:5
5,MB,1783586157695552.313	,0.0,NPU:5
5,MB,1783586157706296.856	,0.0,NPU:5
5,ME,1783586157635562.878	,0.0,NPU:5
5,ME,1783586157655551.511	,0.0,NPU:5
5,ME,1783586157675556.499	,0.0,NPU:5
5,ME,1783586157695552.313	,0.0,NPU:5
5,ME,1783586157706296.856	,0.0,NPU:5
5,IMU,1783586157635562.878	,0.0,NPU:5
5,IMU,1783586157655551.511	,0.0,NPU:5
5,IMU,1783586157675556.499	,0.0,NPU:5
5,IMU,1783586157695552.313	,0.0,NPU:5
5,IMU,1783586157706296.856	,0.0,NPU:5
5,IMP,1783586157635562.878	,0.0,NPU:5
5,IMP,1783586157655551.511	,0.0,NPU:5
5,IMP,1783586157675556.499	,0.0,NPU:5
5,IMP,1783586157695552.313	,0.0,NPU:5
5,IMP,1783586157706296.856	,0.0,NPU:5
5,GE,1783586157635562.878	,0.0,NPU:5
5,GE,1783586157655551.511	,0.0,NPU:5
5,GE,1783586157675556.499	,0.0,NPU:5
5,GE,1783586157695552.313	,0.0,NPU:5
5,GE,1783586157706296.856	,0.0,NPU:5
5,other,1783586157635562.878	,0.0,NPU:5
5,other,1783586157655551.511	,0.0,NPU:5
5,other,1783586157675556.499	,0.0,NPU:5
5,other,1783586157695552.313	,0.0,NPU:5
5,other,1783586157706296.856	,0.0,NPU:5
5,CAMERA,1783586157635562.878	,0.0,NPU:5
5,CAMERA,1783586157655551.511	,0.0,NPU:5
5,CAMERA,1783586157675556.499	,0.0,NPU:5
5,CAMERA,1783586157695552.313	,0.0,NPU:5
5,CAMERA,1783586157706296.856	,0.0,NPU:5
5,ASCENDCL,1783586157635562.878	,0.0,NPU:5
5,ASCENDCL,1783586157655551.511	,0.0,NPU:5
5,ASCENDCL,1783586157675556.499	,0.0,NPU:5
5,ASCENDCL,1783586157695552.313	,0.0,NPU:5
5,ASCENDCL,1783586157706296.856	,0.0,NPU:5
5,TEEOS,1783586157635562.878	,0.0,NPU:5
5,TEEOS,1783586157655551.511	,0.0,NPU:5
5,TEEOS,1783586157675556.499	,0.0,NPU:5
5,TEEOS,1783586157695552.313	,0.0,NPU:5
5,TEEOS,1783586157706296.856	,0.0,NPU:5
5,ISP,1783586157635562.878	,0.0,NPU:5
5,ISP,1783586157655551.511	,0.0,NPU:5
5,ISP,1783586157675556.499	,0.0,NPU:5
5,ISP,1783586157695552.313	,0.0,NPU:5
5,ISP,1783586157706296.856	,0.0,NPU:5
5,SIS,1783586157635562.878	,0.0,NPU:5
5,SIS,1783586157655551.511	,0.0,NPU:5
5,SIS,1783586157675556.499	,0.0,NPU:5
5,SIS,1783586157695552.313	,0.0,NPU:5
5,SIS,1783586157706296.856	,0.0,NPU:5
5,HSM,1783586157635562.878	,0.0,NPU:5
5,HSM,1783586157655551.511	,0.0,NPU:5
5,HSM,1783586157675556.499	,0.0,NPU:5
5,HSM,1783586157695552.313	,0.0,NPU:5
5,HSM,1783586157706296.856	,0.0,NPU:5
5,DSS,1783586157635562.878	,0.0,NPU:5
5,DSS,1783586157655551.511	,0.0,NPU:5
5,DSS,1783586157675556.499	,0.0,NPU:5
5,DSS,1783586157695552.313	,0.0,NPU:5
5,DSS,1783586157706296.856	,0.0,NPU:5
5,PROCMGR,1783586157635562.878	,0.0,NPU:5
5,PROCMGR,1783586157655551.511	,0.0,NPU:5
5,PROCMGR,1783586157675556.499	,0.0,NPU:5
5,PROCMGR,1783586157695552.313	,0.0,NPU:5
5,PROCMGR,1783586157706296.856	,0.0,NPU:5
5,BBOX,1783586157635562.878	,0.0,NPU:5
5,BBOX,1783586157655551.511	,0.0,NPU:5
5,BBOX,1783586157675556.499	,0.0,NPU:5
5,BBOX,1783586157695552.313	,0.0,NPU:5
5,BBOX,1783586157706296.856	,0.0,NPU:5
5,AIVECTOR,1783586157635562.878	,0.0,NPU:5
5,AIVECTOR,1783586157655551.511	,0.0,NPU:5
5,AIVECTOR,1783586157675556.499	,0.0,NPU:5
5,AIVECTOR,1783586157695552.313	,0.0,NPU:5
5,AIVECTOR,1783586157706296.856	,0.0,NPU:5
5,TBE,1783586157635562.878	,0.0,NPU:5
5,TBE,1783586157655551.511	,0.0,NPU:5
5,TBE,1783586157675556.499	,0.0,NPU:5
5,TBE,1783586157695552.313	,0.0,NPU:5
5,TBE,1783586157706296.856	,0.0,NPU:5
5,FV,1783586157635562.878	,0.0,NPU:5
5,FV,1783586157655551.511	,0.0,NPU:5
5,FV,1783586157675556.499	,0.0,NPU:5
5,FV,1783586157695552.313	,0.0,NPU:5
5,FV,1783586157706296.856	,0.0,NPU:5
5,other,1783586157635562.878	,0.0,NPU:5
5,other,1783586157655551.511	,0.0,NPU:5
5,other,1783586157675556.499	,0.0,NPU:5
5,other,1783586157695552.313	,0.0,NPU:5
5,other,1783586157706296.856	,0.0,NPU:5
5,TUNE,1783586157635562.878	,0.0,NPU:5
5,TUNE,1783586157655551.511	,0.0,NPU:5
5,TUNE,1783586157675556.499	,0.0,NPU:5
5,TUNE,1783586157695552.313	,0.0,NPU:5
5,TUNE,1783586157706296.856	,0.0,NPU:5
5,HSS,1783586157635562.878	,0.0,NPU:5
5,HSS,1783586157655551.511	,0.0,NPU:5
5,HSS,1783586157675556.499	,0.0,NPU:5
5,HSS,1783586157695552.313	,0.0,NPU:5
5,HSS,1783586157706296.856	,0.0,NPU:5
5,FFTS,1783586157635562.878	,0.0,NPU:5
5,FFTS,1783586157655551.511	,0.0,NPU:5
5,FFTS,1783586157675556.499	,0.0,NPU:5
5,FFTS,1783586157695552.313	,0.0,NPU:5
5,FFTS,1783586157706296.856	,0.0,NPU:5
5,OP,1783586157635562.878	,0.0,NPU:5
5,OP,1783586157655551.511	,0.0,NPU:5
5,OP,1783586157675556.499	,0.0,NPU:5
5,OP,1783586157695552.313	,0.0,NPU:5
5,OP,1783586157706296.856	,0.0,NPU:5
5,UDF,1783586157635562.878	,0.0,NPU:5
5,UDF,1783586157655551.511	,0.0,NPU:5
5,UDF,1783586157675556.499	,0.0,NPU:5
5,UDF,1783586157695552.313	,0.0,NPU:5
5,UDF,1783586157706296.856	,0.0,NPU:5
5,HICAID,1783586157635562.878	,0.0,NPU:5
5,HICAID,1783586157655551.511	,0.0,NPU:5
5,HICAID,1783586157675556.499	,0.0,NPU:5
5,HICAID,1783586157695552.313	,0.0,NPU:5
5,HICAID,1783586157706296.856	,0.0,NPU:5
5,TSYNC,1783586157635562.878	,0.0,NPU:5
5,TSYNC,1783586157655551.511	,0.0,NPU:5
5,TSYNC,1783586157675556.499	,0.0,NPU:5
5,TSYNC,1783586157695552.313	,0.0,NPU:5
5,TSYNC,1783586157706296.856	,0.0,NPU:5
5,AUDIO,1783586157635562.878	,0.0,NPU:5
5,AUDIO,1783586157655551.511	,0.0,NPU:5
5,AUDIO,1783586157675556.499	,0.0,NPU:5
5,AUDIO,1783586157695552.313	,0.0,NPU:5
5,AUDIO,1783586157706296.856	,0.0,NPU:5
5,TPRT,1783586157635562.878	,0.0,NPU:5
5,TPRT,1783586157655551.511	,0.0,NPU:5
5,TPRT,1783586157675556.499	,0.0,NPU:5
5,TPRT,1783586157695552.313	,0.0,NPU:5
5,TPRT,1783586157706296.856	,0.0,NPU:5
5,ASCENDCKERNEL,1783586157635562.878	,0.0,NPU:5
5,ASCENDCKERNEL,1783586157655551.511	,0.0,NPU:5
5,ASCENDCKERNEL,1783586157675556.499	,0.0,NPU:5
5,ASCENDCKERNEL,1783586157695552.313	,0.0,NPU:5
5,ASCENDCKERNEL,1783586157706296.856	,0.0,NPU:5
5,ASYS,1783586157635562.878	,0.0,NPU:5
5,ASYS,1783586157655551.511	,0.0,NPU:5
5,ASYS,1783586157675556.499	,0.0,NPU:5
5,ASYS,1783586157695552.313	,0.0,NPU:5
5,ASYS,1783586157706296.856	,0.0,NPU:5
5,ATRACE,1783586157635562.878	,0.0,NPU:5
5,ATRACE,1783586157655551.511	,0.0,NPU:5
5,ATRACE,1783586157675556.499	,0.0,NPU:5
5,ATRACE,1783586157695552.313	,0.0,NPU:5
5,ATRACE,1783586157706296.856	,0.0,NPU:5
5,RTC,1783586157635562.878	,0.0,NPU:5
5,RTC,1783586157655551.511	,0.0,NPU:5
5,RTC,1783586157675556.499	,0.0,NPU:5
5,RTC,1783586157695552.313	,0.0,NPU:5
5,RTC,1783586157706296.856	,0.0,NPU:5
5,SYSMONITOR,1783586157635562.878	,0.0,NPU:5
5,SYSMONITOR,1783586157655551.511	,0.0,NPU:5
5,SYSMONITOR,1783586157675556.499	,0.0,NPU:5
5,SYSMONITOR,1783586157695552.313	,0.0,NPU:5
5,SYSMONITOR,1783586157706296.856	,0.0,NPU:5
5,AML,1783586157635562.878	,0.0,NPU:5
5,AML,1783586157655551.511	,0.0,NPU:5
5,AML,1783586157675556.499	,0.0,NPU:5
5,AML,1783586157695552.313	,0.0,NPU:5
5,AML,1783586157706296.856	,0.0,NPU:5
5,ADETECT,1783586157635562.878	,0.0,NPU:5
5,ADETECT,1783586157655551.511	,0.0,NPU:5
5,ADETECT,1783586157675556.499	,0.0,NPU:5
5,ADETECT,1783586157695552.313	,0.0,NPU:5
5,ADETECT,1783586157706296.856	,0.0,NPU:5
5,MBUFF,1783586157635562.878	,0.0,NPU:5
5,MBUFF,1783586157655551.511	,0.0,NPU:5
5,MBUFF,1783586157675556.499	,0.0,NPU:5
5,MBUFF,1783586157695552.313	,0.0,NPU:5
5,MBUFF,1783586157706296.856	,0.0,NPU:5
