Device_id,Model ID,Task ID,Stream ID,Name,Type,OP State,Accelerator Core,Start Time(us),Duration(us),Wait Time(us),Block Num,Mix Block Num,HF32 Eligible,Input Shapes,Input Data Types,Input Formats,Output Shapes,Output Data Types,Output Formats,Context ID,aicore_time(us),aic_total_cycles,aic_mac_time(us),aic_mac_ratio,aic_scalar_time(us),aic_scalar_ratio,aic_mte1_time(us),aic_mte1_ratio,aic_mte2_time(us),aic_mte2_ratio,aic_mte3_time(us),aic_mte3_ratio,aic_fixpipe_time(us),aic_fixpipe_ratio,aic_icache_miss_rate,aiv_time(us),aiv_total_cycles,aiv_vec_time(us),aiv_vec_ratio,aiv_scalar_time(us),aiv_scalar_ratio,aiv_mte2_time(us),aiv_mte2_ratio,aiv_mte3_time(us),aiv_mte3_ratio,aiv_icache_miss_rate,cube_utilization(%)
3,4294967295,65,61,_swa_fwd_kernel,_swa_fwd_kernel,static,AI_CORE,1783602562370695.286	,5092.569,0,28,56,NO,"""131072,12,128;131072,4,128""",DT_BF16;DT_BF16,ND;ND,"""131072,12,128;131072,12,128;12,131072""",DT_BF16;FLOAT;FLOAT,ND;ND;ND,N/A,5091.11,234559527,2979.503,0.585,1419.374,0.279,1669.111,0.328,2824.015,0.555,0.001,0.0,2692.144,0.529,0.0,5091.14,469157424,3906.965,0.767,1567.924,0.308,814.498,0.16,1518.467,0.298,0.0,99.695
3,4294967295,66,61,_swa_fwd_kernel,_swa_fwd_kernel,static,AI_CORE,1783602562376328.797	,5097.912,540.931000,28,56,NO,"""131072,12,128;131072,4,128""",DT_BF16;DT_BF16,ND;ND,"""131072,12,128;131072,12,128;12,131072""",DT_BF16;FLOAT;FLOAT,ND;ND;ND,N/A,5097.6,234709744,2981.387,0.585,1420.242,0.279,1667.244,0.327,2835.799,0.556,0.001,0.0,2692.335,0.528,0.0,5097.62,469461463,3909.421,0.767,1568.968,0.308,819.341,0.161,1518.281,0.298,0.0,99.654
3,4294967295,67,61,_swa_fwd_kernel,_swa_fwd_kernel,static,AI_CORE,1783602562381572.565	,5091.157,145.838000,28,56,NO,"""131072,12,128;131072,4,128""",DT_BF16;DT_BF16,ND;ND,"""131072,12,128;131072,12,128;12,131072""",DT_BF16;FLOAT;FLOAT,ND;ND;ND,N/A,5090.85,234548524,2979.506,0.585,1418.996,0.279,1668.575,0.328,2821.014,0.554,0.001,0.0,2692.349,0.529,0.0,5090.88,469141291,3906.9,0.767,1567.477,0.308,814.364,0.16,1520.079,0.299,0.0,99.718
3,4294967295,68,61,_swa_fwd_kernel,_swa_fwd_kernel,static,AI_CORE,1783602562386807.740	,5100.717,144.093000,28,56,NO,"""131072,12,128;131072,4,128""",DT_BF16;DT_BF16,ND;ND,"""131072,12,128;131072,12,128;12,131072""",DT_BF16;FLOAT;FLOAT,ND;ND;ND,N/A,5100.41,234701161,2983.223,0.585,1420.937,0.279,1669.884,0.327,2835.062,0.556,0.001,0.0,2691.138,0.528,0.0,5100.44,469447027,3911.704,0.767,1569.672,0.308,817.391,0.16,1524.74,0.299,0.0,99.596
3,4294967295,69,61,_swa_fwd_kernel,_swa_fwd_kernel,static,AI_CORE,1783602562392067.788	,5090.068,159.283000,28,56,NO,"""131072,12,128;131072,4,128""",DT_BF16;DT_BF16,ND;ND,"""131072,12,128;131072,12,128;12,131072""",DT_BF16;FLOAT;FLOAT,ND;ND;ND,N/A,5089.73,234455917,2979.971,0.585,1419.483,0.279,1668.221,0.328,2816.448,0.553,0.001,0.0,2693.126,0.529,0.0,5089.76,468949956,3907.634,0.768,1567.96,0.308,812.622,0.16,1520.51,0.299,0.0,99.700
3,4294967295,70,61,_swa_fwd_kernel,_swa_fwd_kernel,static,AI_CORE,1783602562397289.986	,5092.284,132.182000,28,56,NO,"""131072,12,128;131072,4,128""",DT_BF16;DT_BF16,ND;ND,"""131072,12,128;131072,12,128;12,131072""",DT_BF16;FLOAT;FLOAT,ND;ND;ND,N/A,5091.95,234568544,2979.79,0.585,1419.148,0.279,1667.612,0.327,2823.36,0.554,0.001,0.0,2692.548,0.529,0.0,5091.97,469178512,3907.443,0.767,1567.721,0.308,815.632,0.16,1518.455,0.298,0.0,99.705
3,4294967295,71,61,_swa_fwd_kernel,_swa_fwd_kernel,static,AI_CORE,1783602562402798.359	,5087.644,415.966000,28,56,NO,"""131072,12,128;131072,4,128""",DT_BF16;DT_BF16,ND;ND,"""131072,12,128;131072,12,128;12,131072""",DT_BF16;FLOAT;FLOAT,ND;ND;ND,N/A,5087.34,234597181,2976.933,0.585,1418.305,0.279,1665.699,0.327,2827.601,0.556,0.001,0.0,2688.761,0.529,0.0,5087.36,469228037,3903.476,0.767,1566.794,0.308,814.572,0.16,1518.566,0.298,0.0,99.808
3,4294967295,72,61,_swa_fwd_kernel,_swa_fwd_kernel,static,AI_CORE,1783602562408043.893	,5087.895,158.106000,28,56,NO,"""131072,12,128;131072,4,128""",DT_BF16;DT_BF16,ND;ND,"""131072,12,128;131072,12,128;12,131072""",DT_BF16;FLOAT;FLOAT,ND;ND;ND,N/A,5087.59,234525208,2977.942,0.585,1418.862,0.279,1668.235,0.328,2808.103,0.552,0.001,0.0,2689.437,0.529,0.0,5087.61,469089293,3904.839,0.768,1567.068,0.308,813.541,0.16,1519.206,0.299,0.0,99.772
3,4294967295,73,61,_swa_fwd_kernel,_swa_fwd_kernel,static,AI_CORE,1783602562413260.085	,5093.917,128.105000,28,56,NO,"""131072,12,128;131072,4,128""",DT_BF16;DT_BF16,ND;ND,"""131072,12,128;131072,12,128;12,131072""",DT_BF16;FLOAT;FLOAT,ND;ND;ND,N/A,5093.61,234752288,2978.494,0.585,1418.985,0.279,1666.856,0.327,2822.76,0.554,0.001,0.0,2687.253,0.528,0.0,5093.64,469544348,3905.662,0.767,1567.32,0.308,818.014,0.161,1521.074,0.299,0.0,99.751
3,4294967295,74,61,_swa_fwd_kernel,_swa_fwd_kernel,static,AI_CORE,1783602562418463.794	,5097.870,109.833000,28,56,NO,"""131072,12,128;131072,4,128""",DT_BF16;DT_BF16,ND;ND,"""131072,12,128;131072,12,128;12,131072""",DT_BF16;FLOAT;FLOAT,ND;ND;ND,N/A,5097.56,234677824,2981.778,0.585,1420.014,0.279,1668.855,0.327,2842.675,0.558,0.001,0.0,2689.943,0.528,0.0,5097.59,469398799,3909.92,0.767,1568.85,0.308,818.065,0.16,1521.581,0.298,0.0,99.642
3,4294967295,75,61,_swa_fwd_kernel,_swa_fwd_kernel,static,AI_CORE,1783602562423671.253	,5093.129,109.630000,28,56,NO,"""131072,12,128;131072,4,128""",DT_BF16;DT_BF16,ND;ND,"""131072,12,128;131072,12,128;12,131072""",DT_BF16;FLOAT;FLOAT,ND;ND;ND,N/A,5092.82,234681443,2978.973,0.585,1419.174,0.279,1668.369,0.328,2821.656,0.554,0.001,0.0,2689.54,0.528,0.0,5092.85,469403882,3906.225,0.767,1567.528,0.308,816.387,0.16,1520.922,0.299,0.0,99.736
3,4294967295,76,61,_swa_fwd_kernel,_swa_fwd_kernel,static,AI_CORE,1783602562428871.373	,5098.176,106.871000,28,56,NO,"""131072,12,128;131072,4,128""",DT_BF16;DT_BF16,ND;ND,"""131072,12,128;131072,12,128;12,131072""",DT_BF16;FLOAT;FLOAT,ND;ND;ND,N/A,5097.87,234603450,2982.958,0.585,1420.431,0.279,1668.453,0.327,2837.176,0.557,0.001,0.0,2694.481,0.529,0.0,5097.89,469250366,3911.386,0.767,1569.328,0.308,816.731,0.16,1520.692,0.298,0.0,99.604
3,4294967295,77,61,_swa_fwd_kernel,_swa_fwd_kernel,static,AI_CORE,1783602562434074.226	,5097.246,104.824000,28,56,NO,"""131072,12,128;131072,4,128""",DT_BF16;DT_BF16,ND;ND,"""131072,12,128;131072,12,128;12,131072""",DT_BF16;FLOAT;FLOAT,ND;ND;ND,N/A,5096.92,234695926,2981.162,0.585,1419.831,0.279,1668.945,0.327,2836.966,0.557,0.001,0.0,2691.569,0.528,0.0,5096.95,469437011,3909.094,0.767,1568.744,0.308,817.48,0.16,1521.136,0.298,0.0,99.662
3,4294967295,78,61,_swa_fwd_kernel,_swa_fwd_kernel,static,AI_CORE,1783602562439280.543	,5100.190,109.004000,28,56,NO,"""131072,12,128;131072,4,128""",DT_BF16;DT_BF16,ND;ND,"""131072,12,128;131072,12,128;12,131072""",DT_BF16;FLOAT;FLOAT,ND;ND;ND,N/A,5099.87,234739137,2982.449,0.585,1420.89,0.279,1671.264,0.328,2846.258,0.558,0.001,0.0,2690.768,0.528,0.0,5099.89,469523985,3910.641,0.767,1569.749,0.308,818.55,0.161,1523.037,0.299,0.0,99.622
3,4294967295,79,61,_swa_fwd_kernel,_swa_fwd_kernel,static,AI_CORE,1783602562444486.720	,5094.266,106.060000,28,56,NO,"""131072,12,128;131072,4,128""",DT_BF16;DT_BF16,ND;ND,"""131072,12,128;131072,12,128;12,131072""",DT_BF16;FLOAT;FLOAT,ND;ND;ND,N/A,5093.95,234606155,2980.603,0.585,1420.125,0.279,1669.503,0.328,2829.422,0.555,0.001,0.0,2692.776,0.529,0.0,5093.98,469253775,3908.341,0.767,1568.675,0.308,815.466,0.16,1519.915,0.298,0.0,99.682
3,4294967295,80,61,_swa_fwd_kernel,_swa_fwd_kernel,static,AI_CORE,1783602562449685.863	,5096.098,104.734000,28,56,NO,"""131072,12,128;131072,4,128""",DT_BF16;DT_BF16,ND;ND,"""131072,12,128;131072,12,128;12,131072""",DT_BF16;FLOAT;FLOAT,ND;ND;ND,N/A,5095.78,234509152,2982.9,0.585,1420.657,0.279,1668.781,0.327,2833.769,0.556,0.001,0.0,2695.959,0.529,0.0,5095.81,469061795,3911.362,0.768,1569.426,0.308,814.896,0.16,1520.47,0.298,0.0,99.605
3,4294967295,81,61,_swa_fwd_kernel,_swa_fwd_kernel,static,AI_CORE,1783602562454887.810	,5098.569,105.902000,28,56,NO,"""131072,12,128;131072,4,128""",DT_BF16;DT_BF16,ND;ND,"""131072,12,128;131072,12,128;12,131072""",DT_BF16;FLOAT;FLOAT,ND;ND;ND,N/A,5098.11,234728759,2981.519,0.585,1419.98,0.279,1668.959,0.327,2829.376,0.555,0.001,0.0,2689.972,0.528,0.0,5098.14,469501467,3909.47,0.767,1568.638,0.308,817.365,0.16,1524.243,0.299,0.0,99.650
3,4294967295,82,61,_swa_fwd_kernel,_swa_fwd_kernel,static,AI_CORE,1783602562460089.546	,5096.007,103.181000,28,56,NO,"""131072,12,128;131072,4,128""",DT_BF16;DT_BF16,ND;ND,"""131072,12,128;131072,12,128;12,131072""",DT_BF16;FLOAT;FLOAT,ND;ND;ND,N/A,5095.67,234745154,2979.825,0.585,1419.563,0.279,1669.392,0.328,2834.98,0.556,0.001,0.0,2688.278,0.528,0.0,5095.7,469530773,3907.371,0.767,1568.103,0.308,817.697,0.16,1522.202,0.299,0.0,99.707
3,4294967295,83,61,_swa_fwd_kernel,_swa_fwd_kernel,static,AI_CORE,1783602562465284.654	,5163.619,99.243000,28,56,NO,"""131072,12,128;131072,4,128""",DT_BF16;DT_BF16,ND;ND,"""131072,12,128;131072,12,128;12,131072""",DT_BF16;FLOAT;FLOAT,ND;ND;ND,N/A,5163.32,234587631,3021.407,0.585,1438.782,0.279,1692.141,0.328,2868.701,0.556,0.001,0.0,2730.695,0.529,0.0,5163.35,469215643,3961.887,0.767,1589.746,0.308,825.663,0.16,1542.176,0.299,0.0,98.335
3,4294967295,84,61,_swa_fwd_kernel,_swa_fwd_kernel,static,AI_CORE,1783602562470549.739	,5102.697,101.381000,28,56,NO,"""131072,12,128;131072,4,128""",DT_BF16;DT_BF16,ND;ND,"""131072,12,128;131072,12,128;12,131072""",DT_BF16;FLOAT;FLOAT,ND;ND;ND,N/A,5102.4,234897585,2981.857,0.584,1420.024,0.278,1669.453,0.327,2847.723,0.558,0.001,0.0,2686.886,0.527,0.0,5102.43,469839432,3909.962,0.766,1568.853,0.307,822.496,0.161,1523.319,0.299,0.0,99.641
3,4294967295,85,61,_swa_fwd_kernel,_swa_fwd_kernel,static,AI_CORE,1783602562475756.124	,5117.380,103.553000,28,56,NO,"""131072,12,128;131072,4,128""",DT_BF16;DT_BF16,ND;ND,"""131072,12,128;131072,12,128;12,131072""",DT_BF16;FLOAT;FLOAT,ND;ND;ND,N/A,5117.02,234655868,2993.43,0.585,1425.782,0.279,1675.886,0.328,2840.693,0.555,0.001,0.0,2702.148,0.528,0.0,5117.04,469338587,3925.325,0.767,1575.0,0.308,820.726,0.16,1527.388,0.298,0.0,99.253
3,4294967295,86,61,_swa_fwd_kernel,_swa_fwd_kernel,static,AI_CORE,1783602562480976.757	,5185.663,103.370000,28,56,NO,"""131072,12,128;131072,4,128""",DT_BF16;DT_BF16,ND;ND,"""131072,12,128;131072,12,128;12,131072""",DT_BF16;FLOAT;FLOAT,ND;ND;ND,N/A,5185.3,234610190,3033.964,0.585,1444.708,0.279,1696.278,0.327,2885.161,0.556,0.001,0.0,2739.579,0.528,0.0,5185.33,469264211,3978.358,0.767,1596.238,0.308,831.714,0.16,1546.734,0.298,0.0,97.927
3,4294967295,87,61,_swa_fwd_kernel,_swa_fwd_kernel,static,AI_CORE,1783602562486264.568	,5104.362,102.087000,28,56,NO,"""131072,12,128;131072,4,128""",DT_BF16;DT_BF16,ND;ND,"""131072,12,128;131072,12,128;12,131072""",DT_BF16;FLOAT;FLOAT,ND;ND;ND,N/A,5104.06,234921721,2982.551,0.584,1420.359,0.278,1670.8,0.327,2846.375,0.558,0.001,0.0,2685.905,0.526,0.0,5104.09,469887965,3910.813,0.766,1569.27,0.307,822.44,0.161,1524.627,0.299,0.0,99.618
3,4294967295,88,61,_swa_fwd_kernel,_swa_fwd_kernel,static,AI_CORE,1783602562491472.341	,5115.923,103.388000,28,56,NO,"""131072,12,128;131072,4,128""",DT_BF16;DT_BF16,ND;ND,"""131072,12,128;131072,12,128;12,131072""",DT_BF16;FLOAT;FLOAT,ND;ND;ND,N/A,5115.62,234623439,2992.894,0.585,1426.127,0.279,1675.349,0.327,2845.033,0.556,0.001,0.0,2702.416,0.528,0.0,5115.65,469279337,3924.771,0.767,1575.199,0.308,819.154,0.16,1527.227,0.299,0.0,99.267
3,4294967295,89,61,_swa_fwd_kernel,_swa_fwd_kernel,static,AI_CORE,1783602562496688.414	,5140.912,100.327000,28,56,NO,"""131072,12,128;131072,4,128""",DT_BF16;DT_BF16,ND;ND,"""131072,12,128;131072,12,128;12,131072""",DT_BF16;FLOAT;FLOAT,ND;ND;ND,N/A,5140.59,234751118,3006.067,0.585,1431.633,0.278,1680.974,0.327,2871.186,0.559,0.001,0.0,2713.651,0.528,0.0,5140.61,469546267,3941.661,0.767,1581.742,0.308,824.495,0.16,1535.296,0.299,0.0,98.838
3,4294967295,90,61,_swa_fwd_kernel,_swa_fwd_kernel,static,AI_CORE,1783602562501931.906	,5316.366,102.588000,28,56,NO,"""131072,12,128;131072,4,128""",DT_BF16;DT_BF16,ND;ND,"""131072,12,128;131072,12,128;12,131072""",DT_BF16;FLOAT;FLOAT,ND;ND;ND,N/A,5316.04,234302725,3114.469,0.586,1483.929,0.279,1745.11,0.328,2944.803,0.554,0.001,0.0,2817.068,0.53,0.0,5316.06,468646933,4084.031,0.768,1638.824,0.308,845.395,0.159,1589.237,0.299,0.0,95.394
3,4294967295,91,61,_swa_fwd_kernel,_swa_fwd_kernel,static,AI_CORE,1783602562507356.299	,5407.970,107.884000,28,56,NO,"""131072,12,128;131072,4,128""",DT_BF16;DT_BF16,ND;ND,"""131072,12,128;131072,12,128;12,131072""",DT_BF16;FLOAT;FLOAT,ND;ND;ND,N/A,5407.66,234331812,3167.868,0.586,1508.342,0.279,1773.217,0.328,3004.813,0.556,0.001,0.0,2863.064,0.529,0.0,5407.68,468706855,4153.868,0.768,1666.579,0.308,860.733,0.159,1616.032,0.299,0.0,93.790
3,4294967295,92,61,_swa_fwd_kernel,_swa_fwd_kernel,static,AI_CORE,1783602562512865.161	,5608.124,101.030000,28,56,NO,"""131072,12,128;131072,4,128""",DT_BF16;DT_BF16,ND;ND,"""131072,12,128;131072,12,128;12,131072""",DT_BF16;FLOAT;FLOAT,ND;ND;ND,N/A,5607.81,233909992,3290.945,0.587,1568.216,0.28,1847.539,0.329,3107.131,0.554,0.001,0.0,2981.704,0.532,0.0,5607.84,467858235,4315.451,0.77,1732.023,0.309,885.97,0.158,1673.722,0.298,0.0,90.280
3,4294967295,93,61,_swa_fwd_kernel,_swa_fwd_kernel,static,AI_CORE,1783602562518574.499	,5955.085,101.126000,28,56,NO,"""131072,12,128;131072,4,128""",DT_BF16;DT_BF16,ND;ND,"""131072,12,128;131072,12,128;12,131072""",DT_BF16;FLOAT;FLOAT,ND;ND;ND,N/A,5954.72,233723458,3497.311,0.587,1666.673,0.28,1964.818,0.33,3253.849,0.546,0.001,0.0,3165.555,0.532,0.0,5954.75,467489640,4586.006,0.77,1840.372,0.309,935.976,0.157,1782.278,0.299,0.0,84.952
3,4294967295,94,61,_swa_fwd_kernel,_swa_fwd_kernel,static,AI_CORE,1783602562524631.468	,5917.471,101.915000,28,56,NO,"""131072,12,128;131072,4,128""",DT_BF16;DT_BF16,ND;ND,"""131072,12,128;131072,12,128;12,131072""",DT_BF16;FLOAT;FLOAT,ND;ND;ND,N/A,5917.11,233763505,3474.614,0.587,1655.448,0.28,1951.97,0.33,3253.839,0.55,0.001,0.0,3143.936,0.531,0.0,5917.14,467565589,4556.32,0.77,1827.822,0.309,931.509,0.157,1772.632,0.3,0.0,85.506
3,4294967295,95,61,_swa_fwd_kernel,_swa_fwd_kernel,static,AI_CORE,1783602562530650.448	,5777.873,101.529000,28,56,NO,"""131072,12,128;131072,4,128""",DT_BF16;DT_BF16,ND;ND,"""131072,12,128;131072,12,128;12,131072""",DT_BF16;FLOAT;FLOAT,ND;ND;ND,N/A,5777.55,233900573,3390.717,0.587,1616.409,0.28,1906.122,0.33,3172.969,0.549,0.001,0.0,3067.125,0.531,0.0,5777.57,467839622,4446.223,0.77,1784.59,0.309,910.661,0.158,1729.668,0.299,0.0,87.624
3,4294967295,96,61,_swa_fwd_kernel,_swa_fwd_kernel,static,AI_CORE,1783602562536529.839	,5857.645,101.377000,28,56,NO,"""131072,12,128;131072,4,128""",DT_BF16;DT_BF16,ND;ND,"""131072,12,128;131072,12,128;12,131072""",DT_BF16;FLOAT;FLOAT,ND;ND;ND,N/A,5857.32,233910160,3437.395,0.587,1638.324,0.28,1933.255,0.33,3212.218,0.548,0.001,0.0,3103.799,0.53,0.0,5857.34,467858060,4507.453,0.77,1808.553,0.309,923.815,0.158,1757.517,0.3,0.0,86.434
3,4294967295,97,61,_swa_fwd_kernel,_swa_fwd_kernel,static,AI_CORE,1783602562542490.571	,5972.793,103.105000,28,56,NO,"""131072,12,128;131072,4,128""",DT_BF16;DT_BF16,ND;ND,"""131072,12,128;131072,12,128;12,131072""",DT_BF16;FLOAT;FLOAT,ND;ND;ND,N/A,5972.31,233565953,3509.965,0.588,1672.839,0.28,1971.748,0.33,3258.567,0.546,0.001,0.0,3179.235,0.532,0.0,5972.33,467172618,4602.666,0.771,1846.782,0.309,937.188,0.157,1787.182,0.299,0.0,84.643
3,4294967295,98,61,_swa_fwd_kernel,_swa_fwd_kernel,static,AI_CORE,1783602562548562.989	,5892.762,99.707000,28,56,NO,"""131072,12,128;131072,4,128""",DT_BF16;DT_BF16,ND;ND,"""131072,12,128;131072,12,128;12,131072""",DT_BF16;FLOAT;FLOAT,ND;ND;ND,N/A,5892.41,233856818,3458.774,0.587,1648.388,0.28,1944.458,0.33,3235.499,0.549,0.001,0.0,3126.943,0.531,0.0,5892.43,467756536,4535.44,0.77,1819.878,0.309,928.073,0.158,1766.544,0.3,0.0,85.899
3,4294967295,99,61,_swa_fwd_kernel,_swa_fwd_kernel,static,AI_CORE,1783602562554560.993	,5789.220,105.238000,28,56,NO,"""131072,12,128;131072,4,128""",DT_BF16;DT_BF16,ND;ND,"""131072,12,128;131072,12,128;12,131072""",DT_BF16;FLOAT;FLOAT,ND;ND;ND,N/A,5788.91,233897214,3397.518,0.587,1619.273,0.28,1910.638,0.33,3179.389,0.549,0.001,0.0,3072.068,0.531,0.0,5788.94,467832896,4455.037,0.77,1787.685,0.309,913.132,0.158,1732.864,0.299,0.0,87.451
3,4294967295,100,61,_swa_fwd_kernel,_swa_fwd_kernel,static,AI_CORE,1783602562560463.492	,5347.554,113.280000,28,56,NO,"""131072,12,128;131072,4,128""",DT_BF16;DT_BF16,ND;ND,"""131072,12,128;131072,12,128;12,131072""",DT_BF16;FLOAT;FLOAT,ND;ND;ND,N/A,5347.24,205457619,3629.203,0.679,1574.353,0.294,1990.457,0.372,3420.969,0.64,0.001,0.0,3133.087,0.586,0.0,5347.27,410956996,4688.576,0.877,1793.745,0.335,1312.943,0.246,1759.145,0.329,0.0,83.162
3,4294967295,101,61,_swa_fwd_kernel,_swa_fwd_kernel,static,AI_CORE,1783602562565913.677	,5602.026,102.696000,28,56,NO,"""131072,12,128;131072,4,128""",DT_BF16;DT_BF16,ND;ND,"""131072,12,128;131072,12,128;12,131072""",DT_BF16;FLOAT;FLOAT,ND;ND;ND,N/A,5601.64,205346738,3803.569,0.679,1649.772,0.295,2089.227,0.373,3559.704,0.635,0.002,0.0,3284.863,0.586,0.0,5601.66,410733941,4914.205,0.877,1879.667,0.336,1363.218,0.243,1843.684,0.329,0.0,79.342
3,4294967295,102,61,_swa_fwd_kernel,_swa_fwd_kernel,static,AI_CORE,1783602562571618.838	,5539.557,102.974000,28,56,NO,"""131072,12,128;131072,4,128""",DT_BF16;DT_BF16,ND;ND,"""131072,12,128;131072,12,128;12,131072""",DT_BF16;FLOAT;FLOAT,ND;ND;ND,N/A,5539.17,205412326,3759.921,0.679,1631.686,0.295,2063.848,0.373,3530.601,0.637,0.002,0.0,3243.393,0.586,0.0,5539.19,410866838,4857.92,0.877,1858.577,0.336,1351.919,0.244,1824.653,0.329,0.0,80.262
3,4294967295,103,61,_swa_fwd_kernel,_swa_fwd_kernel,static,AI_CORE,1783602562577262.585	,5452.519,104.193000,28,56,NO,"""131072,12,128;131072,4,128""",DT_BF16;DT_BF16,ND;ND,"""131072,12,128;131072,12,128;12,131072""",DT_BF16;FLOAT;FLOAT,ND;ND;ND,N/A,5452.2,205404277,3701.19,0.679,1605.763,0.295,2029.726,0.372,3465.431,0.636,0.001,0.0,3195.451,0.586,0.0,5452.22,410846644,4781.792,0.877,1829.224,0.336,1333.042,0.244,1795.945,0.329,0.0,81.540
3,4294967295,104,61,_swa_fwd_kernel,_swa_fwd_kernel,static,AI_CORE,1783602562582820.242	,5490.373,105.231000,28,56,NO,"""131072,12,128;131072,4,128""",DT_BF16;DT_BF16,ND;ND,"""131072,12,128;131072,12,128;12,131072""",DT_BF16;FLOAT;FLOAT,ND;ND;ND,N/A,5490.05,205431518,3726.338,0.679,1616.603,0.294,2045.096,0.373,3500.454,0.638,0.001,0.0,3214.928,0.586,0.0,5490.07,410905601,4814.387,0.877,1841.693,0.335,1342.398,0.245,1808.19,0.329,0.0,80.988
3,4294967295,105,61,_swa_fwd_kernel,_swa_fwd_kernel,static,AI_CORE,1783602562588412.450	,5512.983,101.877000,28,56,NO,"""131072,12,128;131072,4,128""",DT_BF16;DT_BF16,ND;ND,"""131072,12,128;131072,12,128;12,131072""",DT_BF16;FLOAT;FLOAT,ND;ND;ND,N/A,5512.62,205419477,3741.859,0.679,1623.492,0.295,2052.553,0.372,3503.69,0.636,0.002,0.0,3231.591,0.586,0.0,5512.65,410877926,4834.423,0.877,1849.83,0.336,1344.093,0.244,1815.35,0.329,0.0,80.652
3,4294967295,106,61,_swa_fwd_kernel,_swa_fwd_kernel,static,AI_CORE,1783602562594026.512	,5533.552,101.017000,28,56,NO,"""131072,12,128;131072,4,128""",DT_BF16;DT_BF16,ND;ND,"""131072,12,128;131072,12,128;12,131072""",DT_BF16;FLOAT;FLOAT,ND;ND;ND,N/A,5533.2,205418263,3755.871,0.679,1629.734,0.295,2061.802,0.373,3519.548,0.636,0.002,0.0,3241.171,0.586,0.0,5533.22,410877584,4852.557,0.877,1856.643,0.336,1350.664,0.244,1822.705,0.329,0.0,80.351
3,4294967295,107,61,_swa_fwd_kernel,_swa_fwd_kernel,static,AI_CORE,1783602562599661.700	,5543.928,101.698000,28,56,NO,"""131072,12,128;131072,4,128""",DT_BF16;DT_BF16,ND;ND,"""131072,12,128;131072,12,128;12,131072""",DT_BF16;FLOAT;FLOAT,ND;ND;ND,N/A,5543.6,205436043,3762.577,0.679,1632.468,0.294,2064.408,0.372,3523.865,0.636,0.002,0.0,3248.367,0.586,0.0,5543.62,410913892,4861.158,0.877,1859.678,0.335,1352.318,0.244,1825.566,0.329,0.0,80.208
3,4294967295,108,61,_swa_fwd_kernel,_swa_fwd_kernel,static,AI_CORE,1783602562605305.664	,4966.625,100.072000,28,56,NO,"""131072,12,128;131072,4,128""",DT_BF16;DT_BF16,ND;ND,"""131072,12,128;131072,12,128;12,131072""",DT_BF16;FLOAT;FLOAT,ND;ND;ND,N/A,4966.31,205698532,3367.692,0.678,1459.3,0.294,1844.083,0.371,3238.605,0.652,0.001,0.0,2914.449,0.587,0.0,4966.33,411440654,4349.442,0.876,1663.268,0.335,1232.107,0.248,1627.978,0.328,0.0,89.645
3,4294967295,109,61,_swa_fwd_kernel,_swa_fwd_kernel,static,AI_CORE,1783602562610374.426	,5515.122,102.125000,28,56,NO,"""131072,12,128;131072,4,128""",DT_BF16;DT_BF16,ND;ND,"""131072,12,128;131072,12,128;12,131072""",DT_BF16;FLOAT;FLOAT,ND;ND;ND,N/A,5514.75,205470334,3742.444,0.679,1623.555,0.294,2056.532,0.373,3526.916,0.64,0.002,0.0,3234.07,0.586,0.0,5514.78,410982418,4835.062,0.877,1850.009,0.335,1342.054,0.243,1812.053,0.329,0.0,80.640
3,4294967295,110,61,_swa_fwd_kernel,_swa_fwd_kernel,static,AI_CORE,1783602562615989.471	,5814.567,99.878000,28,56,NO,"""131072,12,128;131072,4,128""",DT_BF16;DT_BF16,ND;ND,"""131072,12,128;131072,12,128;12,131072""",DT_BF16;FLOAT;FLOAT,ND;ND;ND,N/A,5814.18,205257133,3949.43,0.679,1713.918,0.295,2171.533,0.373,3669.766,0.631,0.002,0.0,3406.344,0.586,0.0,5814.21,410553384,5103.008,0.878,1952.603,0.336,1409.193,0.242,1916.336,0.33,0.0,76.408
3,4294967295,111,61,_swa_fwd_kernel,_swa_fwd_kernel,static,AI_CORE,1783602562621903.415	,5657.545,99.433000,28,56,NO,"""131072,12,128;131072,4,128""",DT_BF16;DT_BF16,ND;ND,"""131072,12,128;131072,12,128;12,131072""",DT_BF16;FLOAT;FLOAT,ND;ND;ND,N/A,5657.21,205315803,3841.856,0.679,1667.089,0.295,2110.398,0.373,3594.064,0.635,0.002,0.0,3316.904,0.586,0.0,5657.24,410667656,4963.765,0.877,1898.83,0.336,1376.681,0.243,1863.438,0.329,0.0,78.551
3,4294967295,112,61,_swa_fwd_kernel,_swa_fwd_kernel,static,AI_CORE,1783602562627662.072	,5496.709,100.955000,28,56,NO,"""131072,12,128;131072,4,128""",DT_BF16;DT_BF16,ND;ND,"""131072,12,128;131072,12,128;12,131072""",DT_BF16;FLOAT;FLOAT,ND;ND;ND,N/A,5496.38,205413322,3731.115,0.679,1618.748,0.295,2048.033,0.373,3504.018,0.638,0.001,0.0,3220.526,0.586,0.0,5496.4,410869623,4820.36,0.877,1844.163,0.336,1343.649,0.244,1809.115,0.329,0.0,80.888
3,4294967295,113,61,_swa_fwd_kernel,_swa_fwd_kernel,static,AI_CORE,1783602562633262.056	,5446.925,103.291000,28,56,NO,"""131072,12,128;131072,4,128""",DT_BF16;DT_BF16,ND;ND,"""131072,12,128;131072,12,128;12,131072""",DT_BF16;FLOAT;FLOAT,ND;ND;ND,N/A,5446.41,205435189,3696.792,0.679,1604.016,0.295,2028.508,0.372,3471.982,0.637,0.001,0.0,3191.537,0.586,0.0,5446.44,410911034,4775.975,0.877,1827.434,0.336,1332.457,0.245,1793.331,0.329,0.0,81.636
3,4294967295,114,61,_swa_fwd_kernel,_swa_fwd_kernel,static,AI_CORE,1783602562638807.639	,5455.080,98.825000,28,56,NO,"""131072,12,128;131072,4,128""",DT_BF16;DT_BF16,ND;ND,"""131072,12,128;131072,12,128;12,131072""",DT_BF16;FLOAT;FLOAT,ND;ND;ND,N/A,5454.7,205431891,3702.333,0.679,1606.662,0.295,2031.726,0.372,3481.547,0.638,0.001,0.0,3193.044,0.585,0.0,5454.72,410899701,4783.457,0.877,1829.647,0.335,1337.243,0.245,1797.052,0.329,0.0,81.513
3,4294967295,115,61,_swa_fwd_kernel,_swa_fwd_kernel,static,AI_CORE,1783602562644361.578	,5615.063,98.670000,28,56,NO,"""131072,12,128;131072,4,128""",DT_BF16;DT_BF16,ND;ND,"""131072,12,128;131072,12,128;12,131072""",DT_BF16;FLOAT;FLOAT,ND;ND;ND,N/A,5614.76,205399046,3811.527,0.679,1653.435,0.294,2092.7,0.373,3567.348,0.635,0.002,0.0,3289.906,0.586,0.0,5614.78,410839333,4924.451,0.877,1883.502,0.335,1366.707,0.243,1850.055,0.329,0.0,79.178
3,4294967295,116,61,_swa_fwd_kernel,_swa_fwd_kernel,static,AI_CORE,1783602562650076.008	,5454.954,99.437000,28,56,NO,"""131072,12,128;131072,4,128""",DT_BF16;DT_BF16,ND;ND,"""131072,12,128;131072,12,128;12,131072""",DT_BF16;FLOAT;FLOAT,ND;ND;ND,N/A,5454.65,205447311,3702.012,0.679,1606.346,0.294,2031.759,0.372,3470.811,0.636,0.001,0.0,3194.962,0.586,0.0,5454.67,410931664,4783.041,0.877,1830.06,0.336,1332.069,0.244,1795.906,0.329,0.0,81.521
3,4294967295,117,61,_swa_fwd_kernel,_swa_fwd_kernel,static,AI_CORE,1783602562655631.688	,5497.815,100.796000,28,56,NO,"""131072,12,128;131072,4,128""",DT_BF16;DT_BF16,ND;ND,"""131072,12,128;131072,12,128;12,131072""",DT_BF16;FLOAT;FLOAT,ND;ND;ND,N/A,5497.4,205394728,3731.984,0.679,1618.878,0.294,2048.148,0.373,3497.229,0.636,0.001,0.0,3224.938,0.587,0.0,5497.43,410827707,4821.665,0.877,1844.578,0.336,1342.048,0.244,1808.647,0.329,0.0,80.864
3,4294967295,118,61,_swa_fwd_kernel,_swa_fwd_kernel,static,AI_CORE,1783602562661231.267	,5657.435,101.685000,28,56,NO,"""131072,12,128;131072,4,128""",DT_BF16;DT_BF16,ND;ND,"""131072,12,128;131072,12,128;12,131072""",DT_BF16;FLOAT;FLOAT,ND;ND;ND,N/A,5657.02,205303913,3841.933,0.679,1667.155,0.295,2110.629,0.373,3588.731,0.634,0.002,0.0,3315.471,0.586,0.0,5657.04,410642493,4963.986,0.877,1899.16,0.336,1378.955,0.244,1862.747,0.329,0.0,78.548
3,4294967295,119,61,_swa_fwd_kernel,_swa_fwd_kernel,static,AI_CORE,1783602562666990.656	,5477.764,102.065000,28,56,NO,"""131072,12,128;131072,4,128""",DT_BF16;DT_BF16,ND;ND,"""131072,12,128;131072,12,128;12,131072""",DT_BF16;FLOAT;FLOAT,ND;ND;ND,N/A,5477.45,205383811,3718.672,0.679,1613.386,0.295,2039.781,0.372,3484.834,0.636,0.001,0.0,3210.483,0.586,0.0,5477.48,410809791,4804.377,0.877,1838.111,0.336,1337.964,0.244,1804.428,0.329,0.0,81.156
3,4294967295,120,61,_swa_fwd_kernel,_swa_fwd_kernel,static,AI_CORE,1783602562672567.993	,5426.290,99.486000,28,56,NO,"""131072,12,128;131072,4,128""",DT_BF16;DT_BF16,ND;ND,"""131072,12,128;131072,12,128;12,131072""",DT_BF16;FLOAT;FLOAT,ND;ND;ND,N/A,5425.99,205448089,3682.704,0.679,1597.816,0.294,2020.27,0.372,3463.124,0.638,0.001,0.0,3178.498,0.586,0.0,5426.01,410938404,4757.832,0.877,1820.221,0.335,1328.074,0.245,1786.169,0.329,0.0,81.952
3,4294967295,121,61,_swa_fwd_kernel,_swa_fwd_kernel,static,AI_CORE,1783602562678094.860	,5451.412,100.460000,28,56,NO,"""131072,12,128;131072,4,128""",DT_BF16;DT_BF16,ND;ND,"""131072,12,128;131072,12,128;12,131072""",DT_BF16;FLOAT;FLOAT,ND;ND;ND,N/A,5451.04,205475068,3698.968,0.679,1604.023,0.294,2028.833,0.372,3488.118,0.64,0.001,0.0,3196.264,0.586,0.0,5451.07,410988716,4779.131,0.877,1827.718,0.335,1336.807,0.245,1792.518,0.329,0.0,81.585
3,4294967295,122,61,_swa_fwd_kernel,_swa_fwd_kernel,static,AI_CORE,1783602562683645.600	,5379.169,99.338000,28,56,NO,"""131072,12,128;131072,4,128""",DT_BF16;DT_BF16,ND;ND,"""131072,12,128;131072,12,128;12,131072""",DT_BF16;FLOAT;FLOAT,ND;ND;ND,N/A,5378.8,205468219,3650.318,0.679,1584.622,0.295,2002.308,0.372,3435.772,0.639,0.001,0.0,3147.25,0.585,0.0,5378.82,410973619,4716.049,0.877,1804.815,0.336,1318.875,0.245,1772.761,0.33,0.0,82.678
3,4294967295,123,61,_swa_fwd_kernel,_swa_fwd_kernel,static,AI_CORE,1783602562689125.655	,5450.877,101.081000,28,56,NO,"""131072,12,128;131072,4,128""",DT_BF16;DT_BF16,ND;ND,"""131072,12,128;131072,12,128;12,131072""",DT_BF16;FLOAT;FLOAT,ND;ND;ND,N/A,5450.56,205415590,3699.799,0.679,1605.469,0.295,2029.79,0.372,3471.89,0.637,0.001,0.0,3195.963,0.586,0.0,5450.58,410867768,4780.108,0.877,1828.739,0.336,1333.512,0.245,1794.212,0.329,0.0,81.569
3,4294967295,124,61,_swa_fwd_kernel,_swa_fwd_kernel,static,AI_CORE,1783602562694675.117	,5451.837,98.373000,28,56,NO,"""131072,12,128;131072,4,128""",DT_BF16;DT_BF16,ND;ND,"""131072,12,128;131072,12,128;12,131072""",DT_BF16;FLOAT;FLOAT,ND;ND;ND,N/A,5451.52,205373609,3701.235,0.679,1605.287,0.294,2030.75,0.373,3476.577,0.638,0.001,0.0,3193.48,0.586,0.0,5451.55,410783997,4782.023,0.877,1828.849,0.335,1336.712,0.245,1795.497,0.329,0.0,81.538
3,4294967295,125,61,_swa_fwd_kernel,_swa_fwd_kernel,static,AI_CORE,1783602562700224.774	,5540.028,97.913000,28,56,NO,"""131072,12,128;131072,4,128""",DT_BF16;DT_BF16,ND;ND,"""131072,12,128;131072,12,128;12,131072""",DT_BF16;FLOAT;FLOAT,ND;ND;ND,N/A,5539.64,205391630,3760.723,0.679,1632.04,0.295,2064.135,0.373,3520.471,0.636,0.002,0.0,3246.919,0.586,0.0,5539.67,410824041,4858.756,0.877,1859.393,0.336,1350.409,0.244,1824.209,0.329,0.0,80.247
3,4294967295,126,61,_swa_fwd_kernel,_swa_fwd_kernel,static,AI_CORE,1783602562705869.152	,5530.290,104.472000,28,56,NO,"""131072,12,128;131072,4,128""",DT_BF16;DT_BF16,ND;ND,"""131072,12,128;131072,12,128;12,131072""",DT_BF16;FLOAT;FLOAT,ND;ND;ND,N/A,5529.9,205398391,3754.027,0.679,1628.638,0.295,2059.805,0.372,3518.617,0.636,0.002,0.0,3237.524,0.585,0.0,5529.93,410838707,4850.131,0.877,1855.052,0.335,1351.389,0.244,1822.631,0.33,0.0,80.391
3,4294967295,127,61,_swa_fwd_kernel,_swa_fwd_kernel,static,AI_CORE,1783602562711498.319	,5160.937,98.710000,28,56,NO,"""131072,12,128;131072,4,128""",DT_BF16;DT_BF16,ND;ND,"""131072,12,128;131072,12,128;12,131072""",DT_BF16;FLOAT;FLOAT,ND;ND;ND,N/A,5160.62,205558735,3501.113,0.678,1518.195,0.294,1916.639,0.371,3326.943,0.645,0.001,0.0,3027.745,0.587,0.0,5160.64,411160631,4522.61,0.876,1730.207,0.335,1270.739,0.246,1694.805,0.328,0.0,86.212
3,4294967295,128,61,_swa_fwd_kernel,_swa_fwd_kernel,static,AI_CORE,1783602562716760.534	,5583.290,101.313000,28,56,NO,"""131072,12,128;131072,4,128""",DT_BF16;DT_BF16,ND;ND,"""131072,12,128;131072,12,128;12,131072""",DT_BF16;FLOAT;FLOAT,ND;ND;ND,N/A,5582.97,205374119,3790.494,0.679,1644.762,0.295,2082.863,0.373,3557.622,0.637,0.002,0.0,3271.18,0.586,0.0,5583.0,410791331,4897.242,0.877,1873.69,0.336,1360.361,0.244,1837.286,0.329,0.0,79.618
3,4294967295,129,61,_swa_fwd_kernel,_swa_fwd_kernel,static,AI_CORE,1783602562722446.791	,5800.214,102.960000,28,56,NO,"""131072,12,128;131072,4,128""",DT_BF16;DT_BF16,ND;ND,"""131072,12,128;131072,12,128;12,131072""",DT_BF16;FLOAT;FLOAT,ND;ND;ND,N/A,5799.72,205401220,3936.893,0.679,1708.431,0.295,2162.844,0.373,3671.165,0.633,0.002,0.0,3399.733,0.586,0.0,5799.75,410843936,5086.622,0.877,1946.244,0.336,1405.882,0.242,1910.525,0.329,0.0,76.651
3,4294967295,130,61,_swa_fwd_kernel,_swa_fwd_kernel,static,AI_CORE,1783602562728346.467	,5658.180,99.536000,28,56,NO,"""131072,12,128;131072,4,128""",DT_BF16;DT_BF16,ND;ND,"""131072,12,128;131072,12,128;12,131072""",DT_BF16;FLOAT;FLOAT,ND;ND;ND,N/A,5657.83,205364935,3841.353,0.679,1666.764,0.295,2110.016,0.373,3588.365,0.634,0.002,0.0,3314.162,0.586,0.0,5657.85,410773590,4963.112,0.877,1898.719,0.336,1377.634,0.243,1862.638,0.329,0.0,78.561
3,4294967295,131,61,_swa_fwd_kernel,_swa_fwd_kernel,static,AI_CORE,1783602562734108.558	,5450.287,103.820000,28,56,NO,"""131072,12,128;131072,4,128""",DT_BF16;DT_BF16,ND;ND,"""131072,12,128;131072,12,128;12,131072""",DT_BF16;FLOAT;FLOAT,ND;ND;ND,N/A,5449.96,205362511,3700.463,0.679,1605.018,0.295,2030.066,0.372,3466.122,0.636,0.001,0.0,3197.807,0.587,0.0,5449.98,410763572,4780.794,0.877,1828.874,0.336,1331.879,0.244,1792.56,0.329,0.0,81.557
3,4294967295,132,61,_swa_fwd_kernel,_swa_fwd_kernel,static,AI_CORE,1783602562739655.708	,5175.447,96.963000,28,56,NO,"""131072,12,128;131072,4,128""",DT_BF16;DT_BF16,ND;ND,"""131072,12,128;131072,12,128;12,131072""",DT_BF16;FLOAT;FLOAT,ND;ND;ND,N/A,5175.12,205548155,3510.98,0.678,1522.955,0.294,1922.123,0.371,3323.729,0.642,0.001,0.0,3031.722,0.586,0.0,5175.14,411139173,4535.639,0.876,1735.082,0.335,1275.335,0.246,1703.453,0.329,0.0,85.965
3,4294967295,133,61,_swa_fwd_kernel,_swa_fwd_kernel,static,AI_CORE,1783602562744929.133	,5348.425,98.053000,28,56,NO,"""131072,12,128;131072,4,128""",DT_BF16;DT_BF16,ND;ND,"""131072,12,128;131072,12,128;12,131072""",DT_BF16;FLOAT;FLOAT,ND;ND;ND,N/A,5348.06,205495715,3629.062,0.679,1574.074,0.294,1990.538,0.372,3424.554,0.64,0.001,0.0,3134.282,0.586,0.0,5348.09,411034133,4688.327,0.877,1793.658,0.335,1311.023,0.245,1760.193,0.329,0.0,83.164
3,4294967295,134,61,_swa_fwd_kernel,_swa_fwd_kernel,static,AI_CORE,1783602562750376.655	,5624.663,99.075000,28,56,NO,"""131072,12,128;131072,4,128""",DT_BF16;DT_BF16,ND;ND,"""131072,12,128;131072,12,128;12,131072""",DT_BF16;FLOAT;FLOAT,ND;ND;ND,N/A,5624.29,205336008,3819.245,0.679,1656.682,0.295,2098.098,0.373,3569.336,0.635,0.002,0.0,3295.829,0.586,0.0,5624.32,410714535,4934.409,0.877,1887.58,0.336,1368.763,0.243,1851.718,0.329,0.0,79.018
