Name,Size(KB),Allocation Time(us),Release Time(us),Active Release Time(us),Duration(us),Active Duration(us),Allocation Total Allocated(MB),Allocation Total Reserved(MB),Allocation Total Active(MB),Release Total Allocated(MB),Release Total Reserved(MB),Release Total Active(MB),Stream Ptr,Device Type
aten::empty,0.5,1783598303371766.886	,1783598303372000.646	,1783598303371999.705	,233.760	,232.819	,2692.50146484375,9626.0,2692.50146484375,2692.50146484375,9626.0,2692.50146484375,61,NPU:3
aten::random_,0.5,1783598303371830.041	,1783598303371867.346	,1783598303371866.696	,37.305	,36.655	,2692.501953125,9626.0,2692.501953125,2692.50146484375,9626.0,2692.50146484375,61,NPU:3
aten::clamp,0.5,1783598303371953.015	,1783598303374392.272	,1783598303374391.461	,2439.257	,2438.446	,2692.501953125,9626.0,2692.501953125,3716.501953125,9626.0,3716.501953125,61,NPU:3
aten::clamp,16384.5,1783598303371957.642	,1783598303371994.667	,1783598303371994.147	,37.025	,36.505	,2708.50244140625,9626.0,2708.50244140625,2692.501953125,9626.0,2692.501953125,61,NPU:3
aten::empty_strided,0.5,1783598303372191.422	,1783598303372796.209	,1783598303372795.668	,604.787	,604.246	,2692.501953125,9626.0,2692.501953125,2692.501953125,9626.0,2692.501953125,61,NPU:3
aten::cumsum,0.5,1783598303372444.822	,1783598303372688.818	,1783598303372687.937	,243.996	,243.115	,2692.50244140625,9626.0,2692.50244140625,2692.50244140625,9626.0,2692.50244140625,61,NPU:3
aten::cumsum,16385.0,1783598303372449.089	,1783598303372481.748	,1783598303372481.197	,32.659	,32.108	,2708.50341796875,9626.0,2708.50341796875,2692.50244140625,9626.0,2692.50244140625,61,NPU:3
aten::empty,0.5,1783598303372622.799	,1783598303372794.387	,1783598303372793.575	,171.588	,170.776	,2692.5029296875,9626.0,2692.5029296875,2692.50244140625,9626.0,2692.50244140625,61,NPU:3
aten::copy_,16384.5,1783598303372654.417	,1783598303372684.271	,1783598303372683.670	,29.854	,29.253	,2708.50341796875,9626.0,2708.50341796875,2692.5029296875,9626.0,2692.5029296875,61,NPU:3
aten::cat,0.5,1783598303372750.811	,1783598303440231.470	,1783598303440230.909	,67480.659	,67480.098	,2692.5029296875,9626.0,2692.5029296875,2692.50146484375,9626.0,2692.50146484375,61,NPU:3
aten::cat,16384.5,1783598303372754.206	,1783598303372790.461	,1783598303372789.880	,36.255	,35.674	,2708.50341796875,9626.0,2708.50341796875,2692.5029296875,9626.0,2692.5029296875,61,NPU:3
aten::empty_strided,0.5,1783598303372956.369	,1783598303373504.011	,1783598303373503.430	,547.642	,547.061	,2692.50244140625,9626.0,2692.50244140625,2692.50244140625,9626.0,2692.50244140625,61,NPU:3
aten::cumsum,0.5,1783598303373176.269	,1783598303373401.827	,1783598303373400.595	,225.558	,224.326	,2692.5029296875,9626.0,2692.5029296875,2692.5029296875,9626.0,2692.5029296875,61,NPU:3
aten::cumsum,16385.0,1783598303373179.063	,1783598303373214.626	,1783598303373214.056	,35.563	,34.993	,2708.50390625,9626.0,2708.50390625,2692.5029296875,9626.0,2692.5029296875,61,NPU:3
aten::empty,0.5,1783598303373331.632	,1783598303373502.218	,1783598303373501.196	,170.586	,169.564	,2692.50341796875,9626.0,2692.50341796875,2692.5029296875,9626.0,2692.5029296875,61,NPU:3
aten::copy_,16384.5,1783598303373364.972	,1783598303373398.242	,1783598303373397.501	,33.270	,32.529	,2708.50390625,9626.0,2708.50390625,2692.50341796875,9626.0,2692.50341796875,61,NPU:3
aten::cat,0.5,1783598303373463.319	,1783598303440233.724	,1783598303440232.722	,66770.405	,66769.403	,2692.50341796875,9626.0,2692.50341796875,2692.5009765625,9626.0,2692.5009765625,61,NPU:3
aten::cat,16384.5,1783598303373465.793	,1783598303373498.532	,1783598303373497.971	,32.739	,32.178	,2708.50390625,9626.0,2708.50390625,2692.50341796875,9626.0,2692.50341796875,61,NPU:3
aten::empty,393216.0,1783598303373892.903	,1783598303440221.936	,1783598303440221.405	,66329.033	,66328.502	,3076.50244140625,9626.0,3076.50244140625,3332.501953125,9626.0,3332.501953125,61,NPU:3
aten::normal_,3145730.0,1783598303373932.343	,1783598303373964.150	,1783598303373963.680	,31.807	,31.337	,6148.50439453125,9626.0,6148.50439453125,3076.50244140625,9626.0,3076.50244140625,61,NPU:3
aten::empty,131072.0,1783598303374049.008	,1783598303440224.089	,1783598303440223.388	,66175.081	,66174.380	,3204.50244140625,9626.0,3204.50244140625,3204.501953125,9626.0,3204.501953125,61,NPU:3
aten::normal_,1048578.0,1783598303374078.272	,1783598303374107.545	,1783598303374107.015	,29.273	,28.743	,4228.50439453125,9626.0,4228.50439453125,3204.50244140625,9626.0,3204.50244140625,61,NPU:3
aten::empty,131072.0,1783598303374195.087	,1783598303440225.852	,1783598303440225.301	,66030.765	,66030.214	,3332.50244140625,9626.0,3332.50244140625,3076.501953125,9626.0,3076.501953125,61,NPU:3
aten::normal_,1048578.0,1783598303374225.522	,1783598303374254.316	,1783598303374253.765	,28.794	,28.243	,4356.50439453125,9626.0,4356.50439453125,3332.50244140625,9626.0,3332.50244140625,61,NPU:3
aten::empty,393216.0,1783598303374332.092	,1783598303440228.696	,1783598303440227.865	,65896.604	,65895.773	,3716.50244140625,9626.0,3716.50244140625,2692.501953125,9626.0,2692.501953125,61,NPU:3
aten::normal_,3145730.0,1783598303374361.316	,1783598303374388.607	,1783598303374388.086	,27.291	,26.770	,6788.50439453125,9626.0,6788.50439453125,3716.50244140625,9626.0,3716.50244140625,61,NPU:3
aten::empty_strided,393216.0,1783598303374499.363	,1783598303442919.751	,1783598303442919.340	,68420.388	,68419.977	,3076.5009765625,9626.0,3076.5009765625,3210.5009765625,9626.0,3210.5009765625,61,NPU:3
aten::copy_,0.5,1783598303374526.834	,1783598303374552.943	,1783598303374552.402	,26.109	,25.568	,3076.50146484375,9626.0,3076.50146484375,3076.5009765625,9626.0,3076.5009765625,61,NPU:3
aten::empty_strided,131072.0,1783598303374684.981	,1783598303442915.965	,1783598303442914.753	,68230.984	,68229.772	,3204.5009765625,9626.0,3204.5009765625,3978.5009765625,9626.0,3978.5009765625,61,NPU:3
aten::copy_,0.5,1783598303374710.149	,1783598303374735.767	,1783598303374735.217	,25.618	,25.068	,3204.50146484375,9626.0,3204.50146484375,3204.5009765625,9626.0,3204.5009765625,61,NPU:3
aten::empty_strided,131072.0,1783598303374860.044	,1783598303442908.684	,1783598303442908.043	,68048.640	,68047.999	,3332.5009765625,9626.0,3332.5009765625,4234.5009765625,9626.0,4234.5009765625,61,NPU:3
aten::copy_,0.5,1783598303374884.671	,1783598303374911.110	,1783598303374910.700	,26.439	,26.029	,3332.50146484375,9626.0,3332.50146484375,3332.5009765625,9626.0,3332.5009765625,61,NPU:3
aten::empty_like,393216.0,1783598303375131.851	,1783598303442924.178	,1783598303442922.905	,67792.327	,67791.054	,3716.5009765625,9626.0,3716.5009765625,2826.5009765625,9626.0,2826.5009765625,61,NPU:3
aten::zero_,0.5,1783598303375165.552	,1783598303375195.116	,1783598303375194.625	,29.564	,29.073	,3716.50146484375,9626.0,3716.50146484375,3716.5009765625,9626.0,3716.5009765625,61,NPU:3
aten::zeros,6144.0,1783598303375259.663	,1783598303375468.556	,1783598303375467.975	,208.893	,208.312	,3722.5009765625,9626.0,3722.5009765625,3722.5009765625,9626.0,3722.5009765625,61,NPU:3
aten::zero_,0.5,1783598303375288.186	,1783598303375315.867	,1783598303375315.467	,27.681	,27.281	,3722.50146484375,9626.0,3722.50146484375,3722.5009765625,9626.0,3722.5009765625,61,NPU:3
aten::add,6144.0,1783598303375382.417	,1783598303377461.714	,1783598303377461.254	,2079.297	,2078.837	,3728.5009765625,9626.0,3728.5009765625,2692.5009765625,9626.0,2692.5009765625,61,NPU:3
aten::add,16384.5,1783598303375437.530	,1783598303375464.400	,1783598303375463.799	,26.870	,26.269	,3744.50146484375,9626.0,3744.50146484375,3728.5009765625,9626.0,3728.5009765625,61,NPU:3
aten::empty_strided,786432.0,1783598303375576.167	,1783598303377459.241	,1783598303377458.730	,1883.074	,1882.563	,4490.5009765625,9626.0,4490.5009765625,2698.5009765625,9626.0,2698.5009765625,61,NPU:3
aten::zero_,0.5,1783598303375602.737	,1783598303375631.921	,1783598303375631.340	,29.184	,28.603	,4490.50146484375,9626.0,4490.50146484375,4490.5009765625,9626.0,4490.5009765625,61,NPU:3
aten::zeros,6144.0,1783598303376506.492	,1783598303377452.060	,1783598303377451.519	,945.568	,945.027	,2832.5009765625,9626.0,2832.5009765625,3466.5009765625,9626.0,3466.5009765625,61,NPU:3
aten::zero_,0.5,1783598303376519.191	,1783598303376531.560	,1783598303376530.979	,12.369	,11.788	,2832.50146484375,9626.0,2832.50146484375,2832.5009765625,9626.0,2832.5009765625,61,NPU:3
aten::empty_like,393216.0,1783598303376844.028	,1783598303442918.339	,1783598303442917.798	,66074.311	,66073.770	,3216.5009765625,9626.0,3216.5009765625,3594.5009765625,9626.0,3594.5009765625,61,NPU:3
aten::zero_,0.5,1783598303376850.448	,1783598303376856.337	,1783598303376855.516	,5.889	,5.068	,3216.50146484375,9626.0,3216.50146484375,3216.5009765625,9626.0,3216.5009765625,61,NPU:3
aten::empty_like,131072.0,1783598303376869.637	,1783598303442913.642	,1783598303442910.908	,66044.005	,66041.271	,3344.5009765625,9626.0,3344.5009765625,4106.5009765625,9626.0,4106.5009765625,61,NPU:3
aten::zero_,0.5,1783598303376873.833	,1783598303376879.632	,1783598303376878.861	,5.799	,5.028	,3344.50146484375,9626.0,3344.50146484375,3344.5009765625,9626.0,3344.5009765625,61,NPU:3
aten::empty_like,131072.0,1783598303376890.148	,1783598303442905.980	,1783598303442905.259	,66015.832	,66015.111	,3472.5009765625,9626.0,3472.5009765625,4362.5009765625,9626.0,4362.5009765625,61,NPU:3
aten::zero_,0.5,1783598303376894.013	,1783598303376898.300	,1783598303376897.849	,4.287	,3.836	,3472.50146484375,9626.0,3472.50146484375,3472.5009765625,9626.0,3472.5009765625,61,NPU:3
aten::empty,0.5,1783598303437879.283	,1783598303438063.930	,1783598303438063.359	,184.647	,184.076	,2692.50146484375,9626.0,2692.50146484375,2692.50146484375,9626.0,2692.50146484375,61,NPU:3
aten::random_,0.5,1783598303437920.946	,1783598303437954.716	,1783598303437954.286	,33.770	,33.340	,2692.501953125,9626.0,2692.501953125,2692.50146484375,9626.0,2692.50146484375,61,NPU:3
aten::clamp,0.5,1783598303438024.120	,1783598303440219.272	,1783598303440218.310	,2195.152	,2194.190	,2692.501953125,9626.0,2692.501953125,3716.501953125,9626.0,3716.501953125,61,NPU:3
aten::clamp,16384.5,1783598303438028.908	,1783598303438059.694	,1783598303438059.283	,30.786	,30.375	,2708.50244140625,9626.0,2708.50244140625,2692.501953125,9626.0,2692.501953125,61,NPU:3
aten::empty_strided,0.5,1783598303438212.012	,1783598303438737.931	,1783598303438736.298	,525.919	,524.286	,2692.501953125,9626.0,2692.501953125,2692.501953125,9626.0,2692.501953125,61,NPU:3
aten::cumsum,0.5,1783598303438428.727	,1783598303438636.418	,1783598303438635.567	,207.691	,206.840	,2692.50244140625,9626.0,2692.50244140625,2692.50244140625,9626.0,2692.50244140625,61,NPU:3
aten::cumsum,16385.0,1783598303438432.643	,1783598303438462.578	,1783598303438462.127	,29.935	,29.484	,2708.50341796875,9626.0,2708.50341796875,2692.50244140625,9626.0,2692.50244140625,61,NPU:3
aten::empty,0.5,1783598303438573.775	,1783598303438734.876	,1783598303438734.436	,161.101	,160.661	,2692.5029296875,9626.0,2692.5029296875,2692.50244140625,9626.0,2692.50244140625,61,NPU:3
aten::copy_,16384.5,1783598303438602.668	,1783598303438632.623	,1783598303438632.072	,29.955	,29.404	,2708.50341796875,9626.0,2708.50341796875,2692.5029296875,9626.0,2692.5029296875,61,NPU:3
aten::cat,0.5,1783598303438697.610	,1783598303506127.874	,1783598303506127.403	,67430.264	,67429.793	,2692.5029296875,9626.0,2692.5029296875,2692.50146484375,9626.0,2692.50146484375,61,NPU:3
aten::cat,16384.5,1783598303438700.935	,1783598303438731.010	,1783598303438730.610	,30.075	,29.675	,2708.50341796875,9626.0,2708.50341796875,2692.5029296875,9626.0,2692.5029296875,61,NPU:3
aten::empty_strided,0.5,1783598303438875.397	,1783598303439374.515	,1783598303439373.984	,499.118	,498.587	,2692.50244140625,9626.0,2692.50244140625,2692.50244140625,9626.0,2692.50244140625,61,NPU:3
aten::cumsum,0.5,1783598303439076.448	,1783598303439281.356	,1783598303439280.484	,204.908	,204.036	,2692.5029296875,9626.0,2692.5029296875,2692.5029296875,9626.0,2692.5029296875,61,NPU:3
aten::cumsum,16385.0,1783598303439079.984	,1783598303439108.346	,1783598303439107.775	,28.362	,27.791	,2708.50390625,9626.0,2708.50390625,2692.5029296875,9626.0,2692.5029296875,61,NPU:3
aten::empty,0.5,1783598303439220.364	,1783598303439372.622	,1783598303439371.661	,152.258	,151.297	,2692.50341796875,9626.0,2692.50341796875,2692.5029296875,9626.0,2692.5029296875,61,NPU:3
aten::copy_,16384.5,1783598303439248.997	,1783598303439277.920	,1783598303439277.370	,28.923	,28.373	,2708.50390625,9626.0,2708.50390625,2692.50341796875,9626.0,2692.50341796875,61,NPU:3
aten::cat,0.5,1783598303439339.343	,1783598303506130.337	,1783598303506129.716	,66790.994	,66790.373	,2692.50341796875,9626.0,2692.50341796875,2692.5009765625,9626.0,2692.5009765625,61,NPU:3
aten::cat,16384.5,1783598303439341.986	,1783598303439369.357	,1783598303439368.947	,27.371	,26.961	,2708.50390625,9626.0,2708.50390625,2692.50341796875,9626.0,2692.50341796875,61,NPU:3
aten::empty,393216.0,1783598303439727.885	,1783598303506119.261	,1783598303506118.479	,66391.376	,66390.594	,3076.50244140625,9626.0,3076.50244140625,3332.501953125,9626.0,3332.501953125,61,NPU:3
aten::normal_,3145730.0,1783598303439759.462	,1783598303439788.506	,1783598303439787.965	,29.044	,28.503	,6148.50439453125,9626.0,6148.50439453125,3076.50244140625,9626.0,3076.50244140625,61,NPU:3
aten::empty,131072.0,1783598303439867.655	,1783598303506121.594	,1783598303506120.843	,66253.939	,66253.188	,3204.50244140625,9626.0,3204.50244140625,3204.501953125,9626.0,3204.501953125,61,NPU:3
aten::normal_,1048578.0,1783598303439899.242	,1783598303439926.002	,1783598303439925.251	,26.760	,26.009	,4228.50439453125,9626.0,4228.50439453125,3204.50244140625,9626.0,3204.50244140625,61,NPU:3
aten::empty,131072.0,1783598303440020.324	,1783598303506123.527	,1783598303506122.746	,66103.203	,66102.422	,3332.50244140625,9626.0,3332.50244140625,3076.501953125,9626.0,3076.501953125,61,NPU:3
aten::normal_,1048578.0,1783598303440049.778	,1783598303440076.858	,1783598303440076.328	,27.080	,26.550	,4356.50439453125,9626.0,4356.50439453125,3332.50244140625,9626.0,3332.50244140625,61,NPU:3
aten::empty,393216.0,1783598303440158.951	,1783598303506125.801	,1783598303506125.109	,65966.850	,65966.158	,3716.50244140625,9626.0,3716.50244140625,2692.501953125,9626.0,2692.501953125,61,NPU:3
aten::normal_,3145730.0,1783598303440187.464	,1783598303440215.606	,1783598303440214.925	,28.142	,27.461	,6788.50439453125,9626.0,6788.50439453125,3716.50244140625,9626.0,3716.50244140625,61,NPU:3
aten::empty_strided,393216.0,1783598303440322.276	,1783598303507907.452	,1783598303507906.751	,67585.176	,67584.475	,3076.5009765625,9626.0,3076.5009765625,3210.5009765625,9626.0,3210.5009765625,61,NPU:3
aten::copy_,0.5,1783598303440348.205	,1783598303440375.206	,1783598303440374.665	,27.001	,26.460	,3076.50146484375,9626.0,3076.50146484375,3076.5009765625,9626.0,3076.5009765625,61,NPU:3
aten::empty_strided,131072.0,1783598303440509.537	,1783598303507903.306	,1783598303507902.645	,67393.769	,67393.108	,3204.5009765625,9626.0,3204.5009765625,3978.5009765625,9626.0,3978.5009765625,61,NPU:3
aten::copy_,0.5,1783598303440534.745	,1783598303440561.755	,1783598303440561.224	,27.010	,26.479	,3204.50146484375,9626.0,3204.50146484375,3204.5009765625,9626.0,3204.5009765625,61,NPU:3
aten::empty_strided,131072.0,1783598303440688.586	,1783598303507898.819	,1783598303507898.128	,67210.233	,67209.542	,3332.5009765625,9626.0,3332.5009765625,4234.5009765625,9626.0,4234.5009765625,61,NPU:3
aten::copy_,0.5,1783598303440713.793	,1783598303440741.044	,1783598303440740.553	,27.251	,26.760	,3332.50146484375,9626.0,3332.50146484375,3332.5009765625,9626.0,3332.5009765625,61,NPU:3
aten::empty_like,393216.0,1783598303441015.045	,1783598303507910.046	,1783598303507909.455	,66895.001	,66894.410	,3716.5009765625,9626.0,3716.5009765625,2826.5009765625,9626.0,2826.5009765625,61,NPU:3
aten::zero_,0.5,1783598303441088.305	,1783598303441157.138	,1783598303441156.387	,68.833	,68.082	,3716.50146484375,9626.0,3716.50146484375,3716.5009765625,9626.0,3716.5009765625,61,NPU:3
aten::zeros,6144.0,1783598303441290.929	,1783598303441746.732	,1783598303441746.091	,455.803	,455.162	,3722.5009765625,9626.0,3722.5009765625,3722.5009765625,9626.0,3722.5009765625,61,NPU:3
aten::zero_,0.5,1783598303441353.382	,1783598303441408.585	,1783598303441407.323	,55.203	,53.941	,3722.50146484375,9626.0,3722.50146484375,3722.5009765625,9626.0,3722.5009765625,61,NPU:3
aten::add,6144.0,1783598303441557.328	,1783598303443922.995	,1783598303443922.444	,2365.667	,2365.116	,3728.5009765625,9626.0,3728.5009765625,2692.5009765625,9626.0,2692.5009765625,61,NPU:3
aten::add,16384.5,1783598303441672.811	,1783598303441741.965	,1783598303441741.424	,69.154	,68.613	,3744.50146484375,9626.0,3744.50146484375,3728.5009765625,9626.0,3728.5009765625,61,NPU:3
aten::empty_strided,786432.0,1783598303442026.081	,1783598303443920.742	,1783598303443920.241	,1894.661	,1894.160	,4490.5009765625,9626.0,4490.5009765625,2698.5009765625,9626.0,2698.5009765625,61,NPU:3
aten::zero_,0.5,1783598303442094.193	,1783598303442176.126	,1783598303442175.425	,81.933	,81.232	,4490.50146484375,9626.0,4490.50146484375,4490.5009765625,9626.0,4490.5009765625,61,NPU:3
aten::zeros,6144.0,1783598303443085.950	,1783598303443914.352	,1783598303443913.781	,828.402	,827.831	,2832.5009765625,9626.0,2832.5009765625,3466.5009765625,9626.0,3466.5009765625,61,NPU:3
aten::zero_,0.5,1783598303443094.423	,1783598303443100.792	,1783598303443100.412	,6.369	,5.989	,2832.50146484375,9626.0,2832.50146484375,2832.5009765625,9626.0,2832.5009765625,61,NPU:3
aten::empty_like,393216.0,1783598303443372.069	,1783598303507905.429	,1783598303507904.978	,64533.360	,64532.909	,3216.5009765625,9626.0,3216.5009765625,3594.5009765625,9626.0,3594.5009765625,61,NPU:3
aten::zero_,0.5,1783598303443378.008	,1783598303443383.095	,1783598303443382.515	,5.087	,4.507	,3216.50146484375,9626.0,3216.50146484375,3216.5009765625,9626.0,3216.5009765625,61,NPU:3
aten::empty_like,131072.0,1783598303443394.593	,1783598303507901.603	,1783598303507900.942	,64507.010	,64506.349	,3344.5009765625,9626.0,3344.5009765625,4106.5009765625,9626.0,4106.5009765625,61,NPU:3
aten::zero_,0.5,1783598303443398.389	,1783598303443402.795	,1783598303443402.344	,4.406	,3.955	,3344.50146484375,9626.0,3344.50146484375,3344.5009765625,9626.0,3344.5009765625,61,NPU:3
aten::empty_like,131072.0,1783598303443413.561	,1783598303507896.926	,1783598303507896.255	,64483.365	,64482.694	,3472.5009765625,9626.0,3472.5009765625,4362.5009765625,9626.0,4362.5009765625,61,NPU:3
aten::zero_,0.5,1783598303443417.517	,1783598303443422.615	,1783598303443421.984	,5.098	,4.467	,3472.50146484375,9626.0,3472.50146484375,3472.5009765625,9626.0,3472.5009765625,61,NPU:3
aten::empty,0.5,1783598303503703.278	,1783598303503876.348	,1783598303503875.557	,173.070	,172.279	,2692.50146484375,9626.0,2692.50146484375,2692.50146484375,9626.0,2692.50146484375,61,NPU:3
aten::random_,0.5,1783598303503742.187	,1783598303503775.767	,1783598303503775.346	,33.580	,33.159	,2692.501953125,9626.0,2692.501953125,2692.50146484375,9626.0,2692.50146484375,61,NPU:3
aten::clamp,0.5,1783598303503837.640	,1783598303506116.186	,1783598303506115.365	,2278.546	,2277.725	,2692.501953125,9626.0,2692.501953125,3716.501953125,9626.0,3716.501953125,61,NPU:3
aten::clamp,16384.5,1783598303503842.307	,1783598303503872.372	,1783598303503871.841	,30.065	,29.534	,2708.50244140625,9626.0,2708.50244140625,2692.501953125,9626.0,2692.501953125,61,NPU:3
aten::empty_strided,0.5,1783598303504028.456	,1783598303504572.331	,1783598303504571.780	,543.875	,543.324	,2692.501953125,9626.0,2692.501953125,2692.501953125,9626.0,2692.501953125,61,NPU:3
aten::cumsum,0.5,1783598303504248.476	,1783598303504472.171	,1783598303504471.480	,223.695	,223.004	,2692.50244140625,9626.0,2692.50244140625,2692.50244140625,9626.0,2692.50244140625,61,NPU:3
aten::cumsum,16385.0,1783598303504252.842	,1783598303504282.507	,1783598303504281.896	,29.665	,29.054	,2708.50341796875,9626.0,2708.50341796875,2692.50244140625,9626.0,2692.50244140625,61,NPU:3
aten::empty,0.5,1783598303504409.337	,1783598303504570.569	,1783598303504569.597	,161.232	,160.260	,2692.5029296875,9626.0,2692.5029296875,2692.50244140625,9626.0,2692.50244140625,61,NPU:3
aten::copy_,16384.5,1783598303504437.820	,1783598303504467.384	,1783598303504466.953	,29.564	,29.133	,2708.50341796875,9626.0,2708.50341796875,2692.5029296875,9626.0,2692.5029296875,61,NPU:3
aten::cat,0.5,1783598303504534.324	,1783598303571806.100	,1783598303571805.509	,67271.776	,67271.185	,2692.5029296875,9626.0,2692.5029296875,2692.50146484375,9626.0,2692.50146484375,61,NPU:3
aten::cat,16384.5,1783598303504537.659	,1783598303504566.603	,1783598303504566.192	,28.944	,28.533	,2708.50341796875,9626.0,2708.50341796875,2692.5029296875,9626.0,2692.5029296875,61,NPU:3
aten::empty_strided,0.5,1783598303504721.515	,1783598303505226.622	,1783598303505226.202	,505.107	,504.687	,2692.50244140625,9626.0,2692.50244140625,2692.50244140625,9626.0,2692.50244140625,61,NPU:3
aten::cumsum,0.5,1783598303504910.338	,1783598303505122.536	,1783598303505121.565	,212.198	,211.227	,2692.5029296875,9626.0,2692.5029296875,2692.5029296875,9626.0,2692.5029296875,61,NPU:3
aten::cumsum,16385.0,1783598303504913.403	,1783598303504943.067	,1783598303504942.656	,29.664	,29.253	,2708.50390625,9626.0,2708.50390625,2692.5029296875,9626.0,2692.5029296875,61,NPU:3
aten::empty,0.5,1783598303505059.071	,1783598303505224.970	,1783598303505224.109	,165.899	,165.038	,2692.50341796875,9626.0,2692.50341796875,2692.5029296875,9626.0,2692.5029296875,61,NPU:3
aten::copy_,16384.5,1783598303505089.527	,1783598303505119.622	,1783598303505119.071	,30.095	,29.544	,2708.50390625,9626.0,2708.50390625,2692.50341796875,9626.0,2692.50341796875,61,NPU:3
aten::cat,0.5,1783598303505189.577	,1783598303571808.504	,1783598303571807.732	,66618.927	,66618.155	,2692.50341796875,9626.0,2692.50341796875,2692.5009765625,9626.0,2692.5009765625,61,NPU:3
aten::cat,16384.5,1783598303505192.281	,1783598303505221.675	,1783598303505221.294	,29.394	,29.013	,2708.50390625,9626.0,2708.50390625,2692.50341796875,9626.0,2692.50341796875,61,NPU:3
aten::empty,393216.0,1783598303505608.325	,1783598303571797.647	,1783598303571796.466	,66189.322	,66188.141	,3076.50244140625,9626.0,3076.50244140625,3332.501953125,9626.0,3332.501953125,61,NPU:3
aten::normal_,3145730.0,1783598303505642.877	,1783598303505674.474	,1783598303505673.993	,31.597	,31.116	,6148.50439453125,9626.0,6148.50439453125,3076.50244140625,9626.0,3076.50244140625,61,NPU:3
aten::empty,131072.0,1783598303505760.763	,1783598303571799.801	,1783598303571799.260	,66039.038	,66038.497	,3204.50244140625,9626.0,3204.50244140625,3204.501953125,9626.0,3204.501953125,61,NPU:3
aten::normal_,1048578.0,1783598303505792.931	,1783598303505825.310	,1783598303505824.699	,32.379	,31.768	,4228.50439453125,9626.0,4228.50439453125,3204.50244140625,9626.0,3204.50244140625,61,NPU:3
aten::empty,131072.0,1783598303505909.666	,1783598303571801.683	,1783598303571801.153	,65892.017	,65891.487	,3332.50244140625,9626.0,3332.50244140625,3076.501953125,9626.0,3076.501953125,61,NPU:3
aten::normal_,1048578.0,1783598303505939.311	,1783598303505968.755	,1783598303505968.345	,29.444	,29.034	,4356.50439453125,9626.0,4356.50439453125,3332.50244140625,9626.0,3332.50244140625,61,NPU:3
aten::empty,393216.0,1783598303506053.061	,1783598303571803.767	,1783598303571803.106	,65750.706	,65750.045	,3716.50244140625,9626.0,3716.50244140625,2692.501953125,9626.0,2692.501953125,61,NPU:3
aten::normal_,3145730.0,1783598303506083.277	,1783598303506112.481	,1783598303506111.940	,29.204	,28.663	,6788.50439453125,9626.0,6788.50439453125,3716.50244140625,9626.0,3716.50244140625,61,NPU:3
aten::empty_strided,393216.0,1783598303506227.413	,1783598303573813.300	,1783598303573812.819	,67585.887	,67585.406	,3076.5009765625,9626.0,3076.5009765625,3210.5009765625,9626.0,3210.5009765625,61,NPU:3
aten::copy_,0.5,1783598303506256.466	,1783598303506285.450	,1783598303506284.729	,28.984	,28.263	,3076.50146484375,9626.0,3076.50146484375,3076.5009765625,9626.0,3076.5009765625,61,NPU:3
aten::empty_strided,131072.0,1783598303506423.697	,1783598303573808.813	,1783598303573808.312	,67385.116	,67384.615	,3204.5009765625,9626.0,3204.5009765625,3978.5009765625,9626.0,3978.5009765625,61,NPU:3
aten::copy_,0.5,1783598303506450.588	,1783598303506479.451	,1783598303506478.730	,28.863	,28.142	,3204.50146484375,9626.0,3204.50146484375,3204.5009765625,9626.0,3204.5009765625,61,NPU:3
aten::empty_strided,131072.0,1783598303506608.594	,1783598303573803.865	,1783598303573803.144	,67195.271	,67194.550	,3332.5009765625,9626.0,3332.5009765625,4234.5009765625,9626.0,4234.5009765625,61,NPU:3
aten::copy_,0.5,1783598303506634.834	,1783598303506661.944	,1783598303506661.263	,27.110	,26.429	,3332.50146484375,9626.0,3332.50146484375,3332.5009765625,9626.0,3332.5009765625,61,NPU:3
aten::empty_like,393216.0,1783598303506872.069	,1783598303573815.493	,1783598303573815.112	,66943.424	,66943.043	,3716.5009765625,9626.0,3716.5009765625,2826.5009765625,9626.0,2826.5009765625,61,NPU:3
aten::zero_,0.5,1783598303506902.625	,1783598303506933.792	,1783598303506932.951	,31.167	,30.326	,3716.50146484375,9626.0,3716.50146484375,3716.5009765625,9626.0,3716.5009765625,61,NPU:3
aten::zeros,6144.0,1783598303507000.382	,1783598303507217.828	,1783598303507217.267	,217.446	,216.885	,3722.5009765625,9626.0,3722.5009765625,3722.5009765625,9626.0,3722.5009765625,61,NPU:3
aten::zero_,0.5,1783598303507027.042	,1783598303507056.716	,1783598303507056.176	,29.674	,29.134	,3722.50146484375,9626.0,3722.50146484375,3722.5009765625,9626.0,3722.5009765625,61,NPU:3
aten::add,6144.0,1783598303507122.725	,1783598303508912.379	,1783598303508911.988	,1789.654	,1789.263	,3728.5009765625,9626.0,3728.5009765625,2692.5009765625,9626.0,2692.5009765625,61,NPU:3
aten::add,16384.5,1783598303507183.286	,1783598303507213.261	,1783598303507212.730	,29.975	,29.444	,3744.50146484375,9626.0,3744.50146484375,3728.5009765625,9626.0,3728.5009765625,61,NPU:3
aten::empty_strided,786432.0,1783598303507330.387	,1783598303508909.675	,1783598303508909.194	,1579.288	,1578.807	,4490.5009765625,9626.0,4490.5009765625,2698.5009765625,9626.0,2698.5009765625,61,NPU:3
aten::zero_,0.5,1783598303507358.038	,1783598303507387.152	,1783598303507386.621	,29.114	,28.583	,4490.50146484375,9626.0,4490.50146484375,4490.5009765625,9626.0,4490.5009765625,61,NPU:3
aten::zeros,6144.0,1783598303508047.923	,1783598303508901.963	,1783598303508901.432	,854.040	,853.509	,2832.5009765625,9626.0,2832.5009765625,3466.5009765625,9626.0,3466.5009765625,61,NPU:3
aten::zero_,0.5,1783598303508060.381	,1783598303508071.628	,1783598303508071.077	,11.247	,10.696	,2832.50146484375,9626.0,2832.50146484375,2832.5009765625,9626.0,2832.5009765625,61,NPU:3
aten::empty_like,393216.0,1783598303508348.914	,1783598303573811.447	,1783598303573810.946	,65462.533	,65462.032	,3216.5009765625,9626.0,3216.5009765625,3594.5009765625,9626.0,3594.5009765625,61,NPU:3
aten::zero_,0.5,1783598303508355.454	,1783598303508360.692	,1783598303508360.331	,5.238	,4.877	,3216.50146484375,9626.0,3216.50146484375,3216.5009765625,9626.0,3216.5009765625,61,NPU:3
aten::empty_like,131072.0,1783598303508371.107	,1783598303573806.770	,1783598303573806.259	,65435.663	,65435.152	,3344.5009765625,9626.0,3344.5009765625,4106.5009765625,9626.0,4106.5009765625,61,NPU:3
aten::zero_,0.5,1783598303508374.763	,1783598303508379.530	,1783598303508378.939	,4.767	,4.176	,3344.50146484375,9626.0,3344.50146484375,3344.5009765625,9626.0,3344.5009765625,61,NPU:3
aten::empty_like,131072.0,1783598303508390.356	,1783598303573801.902	,1783598303573801.201	,65411.546	,65410.845	,3472.5009765625,9626.0,3472.5009765625,4362.5009765625,9626.0,4362.5009765625,61,NPU:3
aten::zero_,0.5,1783598303508394.512	,1783598303508401.072	,1783598303508400.471	,6.560	,5.959	,3472.50146484375,9626.0,3472.50146484375,3472.5009765625,9626.0,3472.5009765625,61,NPU:3
aten::empty,0.5,1783598303569521.615	,1783598303569699.722	,1783598303569699.121	,178.107	,177.506	,2692.50146484375,9626.0,2692.50146484375,2692.50146484375,9626.0,2692.50146484375,61,NPU:3
aten::random_,0.5,1783598303569559.081	,1783598303569594.394	,1783598303569593.463	,35.313	,34.382	,2692.501953125,9626.0,2692.501953125,2692.50146484375,9626.0,2692.50146484375,61,NPU:3
aten::clamp,0.5,1783598303569659.752	,1783598303571794.202	,1783598303571793.070	,2134.450	,2133.318	,2692.501953125,9626.0,2692.501953125,3716.501953125,9626.0,3716.501953125,61,NPU:3
aten::clamp,16384.5,1783598303569663.948	,1783598303569694.764	,1783598303569694.083	,30.816	,30.135	,2708.50244140625,9626.0,2708.50244140625,2692.501953125,9626.0,2692.501953125,61,NPU:3
aten::empty_strided,0.5,1783598303569846.071	,1783598303570363.787	,1783598303570363.046	,517.716	,516.975	,2692.501953125,9626.0,2692.501953125,2692.501953125,9626.0,2692.501953125,61,NPU:3
aten::cumsum,0.5,1783598303570052.671	,1783598303570262.446	,1783598303570262.005	,209.775	,209.334	,2692.50244140625,9626.0,2692.50244140625,2692.50244140625,9626.0,2692.50244140625,61,NPU:3
aten::cumsum,16385.0,1783598303570056.457	,1783598303570086.261	,1783598303570085.851	,29.804	,29.394	,2708.50341796875,9626.0,2708.50341796875,2692.50244140625,9626.0,2692.50244140625,61,NPU:3
aten::empty,0.5,1783598303570200.192	,1783598303570361.704	,1783598303570361.033	,161.512	,160.841	,2692.5029296875,9626.0,2692.5029296875,2692.50244140625,9626.0,2692.50244140625,61,NPU:3
aten::copy_,16384.5,1783598303570229.366	,1783598303570259.121	,1783598303570258.620	,29.755	,29.254	,2708.50341796875,9626.0,2708.50341796875,2692.5029296875,9626.0,2692.5029296875,61,NPU:3
aten::cat,0.5,1783598303570324.198	,1783598303637968.563	,1783598303637968.012	,67644.365	,67643.814	,2692.5029296875,9626.0,2692.5029296875,2692.50146484375,9626.0,2692.50146484375,61,NPU:3
aten::cat,16384.5,1783598303570327.583	,1783598303570357.598	,1783598303570357.198	,30.015	,29.615	,2708.50341796875,9626.0,2708.50341796875,2692.5029296875,9626.0,2692.5029296875,61,NPU:3
aten::empty_strided,0.5,1783598303570501.073	,1783598303570969.546	,1783598303570968.995	,468.473	,467.922	,2692.50244140625,9626.0,2692.50244140625,2692.50244140625,9626.0,2692.50244140625,61,NPU:3
aten::cumsum,0.5,1783598303570681.354	,1783598303570877.127	,1783598303570875.955	,195.773	,194.601	,2692.5029296875,9626.0,2692.5029296875,2692.5029296875,9626.0,2692.5029296875,61,NPU:3
aten::cumsum,16385.0,1783598303570684.058	,1783598303570712.070	,1783598303570711.519	,28.012	,27.461	,2708.50390625,9626.0,2708.50390625,2692.5029296875,9626.0,2692.5029296875,61,NPU:3
aten::empty,0.5,1783598303570817.438	,1783598303570968.013	,1783598303570967.052	,150.575	,149.614	,2692.50341796875,9626.0,2692.50341796875,2692.5029296875,9626.0,2692.5029296875,61,NPU:3
aten::copy_,16384.5,1783598303570844.679	,1783598303570873.742	,1783598303570873.121	,29.063	,28.442	,2708.50390625,9626.0,2708.50390625,2692.50341796875,9626.0,2692.50341796875,61,NPU:3
aten::cat,0.5,1783598303570932.230	,1783598303637971.507	,1783598303637970.716	,67039.277	,67038.486	,2692.50341796875,9626.0,2692.50341796875,2692.5009765625,9626.0,2692.5009765625,61,NPU:3
aten::cat,16384.5,1783598303570935.194	,1783598303570964.588	,1783598303570963.867	,29.394	,28.673	,2708.50390625,9626.0,2708.50390625,2692.50341796875,9626.0,2692.50341796875,61,NPU:3
aten::empty,393216.0,1783598303571323.216	,1783598303637960.611	,1783598303637959.579	,66637.395	,66636.363	,3076.50244140625,9626.0,3076.50244140625,3332.501953125,9626.0,3332.501953125,61,NPU:3
aten::normal_,3145730.0,1783598303571356.957	,1783598303571385.910	,1783598303571385.499	,28.953	,28.542	,6148.50439453125,9626.0,6148.50439453125,3076.50244140625,9626.0,3076.50244140625,61,NPU:3
aten::empty,131072.0,1783598303571465.940	,1783598303637962.944	,1783598303637962.474	,66497.004	,66496.534	,3204.50244140625,9626.0,3204.50244140625,3204.501953125,9626.0,3204.501953125,61,NPU:3
aten::normal_,1048578.0,1783598303571495.575	,1783598303571523.076	,1783598303571522.525	,27.501	,26.950	,4228.50439453125,9626.0,4228.50439453125,3204.50244140625,9626.0,3204.50244140625,61,NPU:3
aten::empty,131072.0,1783598303571602.635	,1783598303637964.526	,1783598303637964.096	,66361.891	,66361.461	,3332.50244140625,9626.0,3332.50244140625,3076.501953125,9626.0,3076.501953125,61,NPU:3
aten::normal_,1048578.0,1783598303571631.238	,1783598303571658.569	,1783598303571658.018	,27.331	,26.780	,4356.50439453125,9626.0,4356.50439453125,3332.50244140625,9626.0,3332.50244140625,61,NPU:3
aten::empty,393216.0,1783598303571736.085	,1783598303637966.830	,1783598303637966.249	,66230.745	,66230.164	,3716.50244140625,9626.0,3716.50244140625,2692.501953125,9626.0,2692.501953125,61,NPU:3
aten::normal_,3145730.0,1783598303571764.728	,1783598303571790.547	,1783598303571789.986	,25.819	,25.258	,6788.50439453125,9626.0,6788.50439453125,3716.50244140625,9626.0,3716.50244140625,61,NPU:3
aten::empty_strided,393216.0,1783598303571894.082	,1783598303639723.444	,1783598303639722.813	,67829.362	,67828.731	,3076.5009765625,9626.0,3076.5009765625,3210.5009765625,9626.0,3210.5009765625,61,NPU:3
aten::copy_,0.5,1783598303571921.944	,1783598303571951.618	,1783598303571951.087	,29.674	,29.143	,3076.50146484375,9626.0,3076.50146484375,3076.5009765625,9626.0,3076.5009765625,61,NPU:3
aten::empty_strided,131072.0,1783598303572088.023	,1783598303639719.458	,1783598303639718.907	,67631.435	,67630.884	,3204.5009765625,9626.0,3204.5009765625,3978.5009765625,9626.0,3978.5009765625,61,NPU:3
aten::copy_,0.5,1783598303572114.993	,1783598303572142.464	,1783598303572141.934	,27.471	,26.941	,3204.50146484375,9626.0,3204.50146484375,3204.5009765625,9626.0,3204.5009765625,61,NPU:3
aten::empty_strided,131072.0,1783598303572276.595	,1783598303639714.590	,1783598303639714.010	,67437.995	,67437.415	,3332.5009765625,9626.0,3332.5009765625,4234.5009765625,9626.0,4234.5009765625,61,NPU:3
aten::copy_,0.5,1783598303572301.693	,1783598303572327.512	,1783598303572327.101	,25.819	,25.408	,3332.50146484375,9626.0,3332.50146484375,3332.5009765625,9626.0,3332.5009765625,61,NPU:3
aten::empty_like,393216.0,1783598303572538.398	,1783598303639725.176	,1783598303639724.636	,67186.778	,67186.238	,3716.5009765625,9626.0,3716.5009765625,2826.5009765625,9626.0,2826.5009765625,61,NPU:3
aten::zero_,0.5,1783598303572569.605	,1783598303572598.538	,1783598303572597.987	,28.933	,28.382	,3716.50146484375,9626.0,3716.50146484375,3716.5009765625,9626.0,3716.5009765625,61,NPU:3
aten::zeros,6144.0,1783598303572662.314	,1783598303572866.210	,1783598303572865.639	,203.896	,203.325	,3722.5009765625,9626.0,3722.5009765625,3722.5009765625,9626.0,3722.5009765625,61,NPU:3
aten::zero_,0.5,1783598303572690.376	,1783598303572718.668	,1783598303572718.117	,28.292	,27.741	,3722.50146484375,9626.0,3722.50146484375,3722.5009765625,9626.0,3722.5009765625,61,NPU:3
aten::add,6144.0,1783598303572781.242	,1783598303574850.004	,1783598303574849.493	,2068.762	,2068.251	,3728.5009765625,9626.0,3728.5009765625,2692.5009765625,9626.0,2692.5009765625,61,NPU:3
aten::add,16384.5,1783598303572834.081	,1783598303572862.063	,1783598303572861.412	,27.982	,27.331	,3744.50146484375,9626.0,3744.50146484375,3728.5009765625,9626.0,3728.5009765625,61,NPU:3
aten::empty_strided,786432.0,1783598303572973.851	,1783598303574846.619	,1783598303574846.228	,1872.768	,1872.377	,4490.5009765625,9626.0,4490.5009765625,2698.5009765625,9626.0,2698.5009765625,61,NPU:3
aten::zero_,0.5,1783598303573000.231	,1783598303573028.483	,1783598303573027.912	,28.252	,27.681	,4490.50146484375,9626.0,4490.50146484375,4490.5009765625,9626.0,4490.5009765625,61,NPU:3
aten::zeros,6144.0,1783598303573984.256	,1783598303574837.666	,1783598303574836.854	,853.410	,852.598	,2832.5009765625,9626.0,2832.5009765625,3466.5009765625,9626.0,3466.5009765625,61,NPU:3
aten::zero_,0.5,1783598303573994.111	,1783598303574002.153	,1783598303574001.512	,8.042	,7.401	,2832.50146484375,9626.0,2832.50146484375,2832.5009765625,9626.0,2832.5009765625,61,NPU:3
aten::empty_like,393216.0,1783598303574251.717	,1783598303639721.451	,1783598303639720.910	,65469.734	,65469.193	,3216.5009765625,9626.0,3216.5009765625,3594.5009765625,9626.0,3594.5009765625,61,NPU:3
aten::zero_,0.5,1783598303574257.776	,1783598303574263.835	,1783598303574262.824	,6.059	,5.048	,3216.50146484375,9626.0,3216.50146484375,3216.5009765625,9626.0,3216.5009765625,61,NPU:3
aten::empty_like,131072.0,1783598303574278.457	,1783598303639717.775	,1783598303639717.074	,65439.318	,65438.617	,3344.5009765625,9626.0,3344.5009765625,4106.5009765625,9626.0,4106.5009765625,61,NPU:3
aten::zero_,0.5,1783598303574282.373	,1783598303574288.712	,1783598303574287.941	,6.339	,5.568	,3344.50146484375,9626.0,3344.50146484375,3344.5009765625,9626.0,3344.5009765625,61,NPU:3
aten::empty_like,131072.0,1783598303574301.351	,1783598303639712.467	,1783598303639711.746	,65411.116	,65410.395	,3472.5009765625,9626.0,3472.5009765625,4362.5009765625,9626.0,4362.5009765625,61,NPU:3
aten::zero_,0.5,1783598303574305.347	,1783598303574311.627	,1783598303574310.936	,6.280	,5.589	,3472.50146484375,9626.0,3472.50146484375,3472.5009765625,9626.0,3472.5009765625,61,NPU:3
aten::empty,0.5,1783598303635542.765	,1783598303635723.146	,1783598303635722.655	,180.381	,179.890	,2692.50146484375,9626.0,2692.50146484375,2692.50146484375,9626.0,2692.50146484375,61,NPU:3
aten::random_,0.5,1783598303635583.547	,1783598303635616.526	,1783598303635615.825	,32.979	,32.278	,2692.501953125,9626.0,2692.501953125,2692.50146484375,9626.0,2692.50146484375,61,NPU:3
aten::clamp,0.5,1783598303635684.037	,1783598303637957.616	,1783598303637956.645	,2273.579	,2272.608	,2692.501953125,9626.0,2692.501953125,3716.501953125,9626.0,3716.501953125,61,NPU:3
aten::clamp,16384.5,1783598303635688.253	,1783598303635719.881	,1783598303635719.360	,31.628	,31.107	,2708.50244140625,9626.0,2708.50244140625,2692.501953125,9626.0,2692.501953125,61,NPU:3
aten::empty_strided,0.5,1783598303635875.084	,1783598303636418.238	,1783598303636417.838	,543.154	,542.754	,2692.501953125,9626.0,2692.501953125,2692.501953125,9626.0,2692.501953125,61,NPU:3
aten::cumsum,0.5,1783598303636097.968	,1783598303636316.265	,1783598303636315.324	,218.297	,217.356	,2692.50244140625,9626.0,2692.50244140625,2692.50244140625,9626.0,2692.50244140625,61,NPU:3
aten::cumsum,16385.0,1783598303636101.834	,1783598303636132.139	,1783598303636131.488	,30.305	,29.654	,2708.50341796875,9626.0,2708.50341796875,2692.50244140625,9626.0,2692.50244140625,61,NPU:3
aten::empty,0.5,1783598303636250.617	,1783598303636416.696	,1783598303636415.784	,166.079	,165.167	,2692.5029296875,9626.0,2692.5029296875,2692.50244140625,9626.0,2692.50244140625,61,NPU:3
aten::copy_,16384.5,1783598303636281.683	,1783598303636312.660	,1783598303636311.959	,30.977	,30.276	,2708.50341796875,9626.0,2708.50341796875,2692.5029296875,9626.0,2692.5029296875,61,NPU:3
aten::cat,0.5,1783598303636379.360	,,,,,2692.5029296875,9626.0,2692.5029296875,,,,61,NPU:3
aten::cat,16384.5,1783598303636382.294	,1783598303636412.389	,1783598303636411.959	,30.095	,29.665	,2708.50341796875,9626.0,2708.50341796875,2692.5029296875,9626.0,2692.5029296875,61,NPU:3
aten::empty_strided,0.5,1783598303636561.823	,1783598303637063.676	,1783598303637063.105	,501.853	,501.282	,2692.50244140625,9626.0,2692.50244140625,2692.50244140625,9626.0,2692.50244140625,61,NPU:3
aten::cumsum,0.5,1783598303636753.090	,1783598303636966.340	,1783598303636965.408	,213.250	,212.318	,2692.5029296875,9626.0,2692.5029296875,2692.5029296875,9626.0,2692.5029296875,61,NPU:3
aten::cumsum,16385.0,1783598303636755.694	,1783598303636786.030	,1783598303636785.429	,30.336	,29.735	,2708.50390625,9626.0,2708.50390625,2692.5029296875,9626.0,2692.5029296875,61,NPU:3
aten::empty,0.5,1783598303636901.783	,1783598303637062.234	,1783598303637061.452	,160.451	,159.669	,2692.50341796875,9626.0,2692.50341796875,2692.5029296875,9626.0,2692.5029296875,61,NPU:3
aten::copy_,16384.5,1783598303636930.917	,1783598303636963.205	,1783598303636962.795	,32.288	,31.878	,2708.50390625,9626.0,2708.50390625,2692.50341796875,9626.0,2692.50341796875,61,NPU:3
aten::cat,0.5,1783598303637026.119	,,,,,2692.50341796875,9626.0,2692.50341796875,,,,61,NPU:3
aten::cat,16384.5,1783598303637028.363	,1783598303637059.059	,1783598303637058.458	,30.696	,30.095	,2708.50390625,9626.0,2708.50390625,2692.50341796875,9626.0,2692.50341796875,61,NPU:3
aten::empty,393216.0,1783598303637454.362	,,,,,3076.50244140625,9626.0,3076.50244140625,,,,61,NPU:3
aten::normal_,3145730.0,1783598303637489.344	,1783598303637522.013	,1783598303637521.602	,32.669	,32.258	,6148.50439453125,9626.0,6148.50439453125,3076.50244140625,9626.0,3076.50244140625,61,NPU:3
aten::empty,131072.0,1783598303637609.524	,,,,,3204.50244140625,9626.0,3204.50244140625,,,,61,NPU:3
aten::normal_,1048578.0,1783598303637641.032	,1783598303637670.886	,1783598303637670.285	,29.854	,29.253	,4228.50439453125,9626.0,4228.50439453125,3204.50244140625,9626.0,3204.50244140625,61,NPU:3
aten::empty,131072.0,1783598303637754.321	,,,,,3332.50244140625,9626.0,3332.50244140625,,,,61,NPU:3
aten::normal_,1048578.0,1783598303637784.687	,1783598303637814.331	,1783598303637813.791	,29.644	,29.104	,4356.50439453125,9626.0,4356.50439453125,3332.50244140625,9626.0,3332.50244140625,61,NPU:3
aten::empty,393216.0,1783598303637896.254	,,,,,3716.50244140625,9626.0,3716.50244140625,,,,61,NPU:3
aten::normal_,3145730.0,1783598303637924.436	,1783598303637954.361	,1783598303637953.961	,29.925	,29.525	,6788.50439453125,9626.0,6788.50439453125,3716.50244140625,9626.0,3716.50244140625,61,NPU:3
aten::empty_strided,393216.0,1783598303638062.213	,,,,,3076.5009765625,9626.0,3076.5009765625,,,,61,NPU:3
aten::copy_,0.5,1783598303638091.928	,1783598303638120.681	,1783598303638120.280	,28.753	,28.352	,3076.50146484375,9626.0,3076.50146484375,3076.5009765625,9626.0,3076.5009765625,61,NPU:3
aten::empty_strided,131072.0,1783598303638266.569	,,,,,3204.5009765625,9626.0,3204.5009765625,,,,61,NPU:3
aten::copy_,0.5,1783598303638293.820	,1783598303638322.113	,1783598303638321.552	,28.293	,27.732	,3204.50146484375,9626.0,3204.50146484375,3204.5009765625,9626.0,3204.5009765625,61,NPU:3
aten::empty_strided,131072.0,1783598303638452.338	,,,,,3332.5009765625,9626.0,3332.5009765625,,,,61,NPU:3
aten::copy_,0.5,1783598303638479.519	,1783598303638506.569	,1783598303638506.159	,27.050	,26.640	,3332.50146484375,9626.0,3332.50146484375,3332.5009765625,9626.0,3332.5009765625,61,NPU:3
aten::empty_like,393216.0,1783598303638716.113	,,,,,3716.5009765625,9626.0,3716.5009765625,,,,61,NPU:3
aten::zero_,0.5,1783598303638746.489	,1783598303638778.327	,1783598303638777.786	,31.838	,31.297	,3716.50146484375,9626.0,3716.50146484375,3716.5009765625,9626.0,3716.5009765625,61,NPU:3
aten::zeros,6144.0,1783598303638843.625	,1783598303639052.268	,1783598303639051.797	,208.643	,208.172	,3722.5009765625,9626.0,3722.5009765625,3722.5009765625,9626.0,3722.5009765625,61,NPU:3
aten::zero_,0.5,1783598303638872.238	,1783598303638901.321	,1783598303638900.630	,29.083	,28.392	,3722.50146484375,9626.0,3722.50146484375,3722.5009765625,9626.0,3722.5009765625,61,NPU:3
aten::add,6144.0,1783598303638965.688	,1783598303640711.024	,1783598303640710.604	,1745.336	,1744.916	,3728.5009765625,9626.0,3728.5009765625,2692.5009765625,9626.0,2692.5009765625,61,NPU:3
aten::add,16384.5,1783598303639019.308	,1783598303639047.871	,1783598303639047.460	,28.563	,28.152	,3744.50146484375,9626.0,3744.50146484375,3728.5009765625,9626.0,3728.5009765625,61,NPU:3
aten::empty_strided,786432.0,1783598303639167.490	,1783598303640708.601	,1783598303640708.150	,1541.111	,1540.660	,4490.5009765625,9626.0,4490.5009765625,2698.5009765625,9626.0,2698.5009765625,61,NPU:3
aten::zero_,0.5,1783598303639193.760	,1783598303639222.813	,1783598303639222.132	,29.053	,28.372	,4490.50146484375,9626.0,4490.50146484375,4490.5009765625,9626.0,4490.5009765625,61,NPU:3
aten::zeros,6144.0,1783598303639840.059	,1783598303640701.040	,1783598303640700.168	,860.981	,860.109	,2832.5009765625,9626.0,2832.5009765625,3466.5009765625,9626.0,3466.5009765625,61,NPU:3
aten::zero_,0.5,1783598303639850.544	,1783598303639858.346	,1783598303639857.535	,7.802	,6.991	,2832.50146484375,9626.0,2832.50146484375,2832.5009765625,9626.0,2832.5009765625,61,NPU:3
aten::empty_like,393216.0,1783598303640121.440	,,,,,3216.5009765625,9626.0,3216.5009765625,,,,61,NPU:3
aten::zero_,0.5,1783598303640127.680	,1783598303640133.649	,1783598303640132.878	,5.969	,5.198	,3216.50146484375,9626.0,3216.50146484375,3216.5009765625,9626.0,3216.5009765625,61,NPU:3
aten::empty_like,131072.0,1783598303640147.750	,,,,,3344.5009765625,9626.0,3344.5009765625,,,,61,NPU:3
aten::zero_,0.5,1783598303640158.406	,1783598303640167.359	,1783598303640166.007	,8.953	,7.601	,3344.50146484375,9626.0,3344.50146484375,3344.5009765625,9626.0,3344.5009765625,61,NPU:3
aten::empty_like,131072.0,1783598303640182.552	,,,,,3472.5009765625,9626.0,3472.5009765625,,,,61,NPU:3
aten::zero_,0.5,1783598303640186.468	,1783598303640192.086	,1783598303640191.165	,5.618	,4.697	,3472.50146484375,9626.0,3472.50146484375,3472.5009765625,9626.0,3472.5009765625,61,NPU:3
